uid,region,severity
aabn,west,1
aair,west,1
aajw,northeast,1
aalr,midwest,1
aalw,west,1
aamp,west,1
aapj,west,1
aaqf,northeast,1
aauy,south,1
aava,northeast,1
aavi,south,1
aavk,northeast,1
aaxc,west,1
aays,midwest,1
abdc,west,1
abdw,south,1
abeu,west,1
abhd,west,1
abit,midwest,1
abjq,west,1
abjr,west,1
abkx,west,1
absk,south,1
absx,west,1
abvn,northeast,1
abzb,south,1
acex,west,1
acje,west,1
ackx,midwest,1
acqu,west,1
acta,midwest,1
actx,west,1
acwc,midwest,1
acwm,west,1
acwy,midwest,1
addj,midwest,1
adgs,west,1
admd,midwest,1
admk,midwest,1
adra,midwest,1
advr,midwest,1
aecj,west,1
aeea,south,1
aepe,south,1
aeud,south,1
aexm,west,1
aeyg,west,1
aezm,west,1
afef,northeast,1
afgk,midwest,1
afhy,west,1
afix,midwest,1
afjv,west,1
afpq,west,1
afpw,west,1
agbg,west,1
agca,south,1
agcl,northeast,1
agcm,south,1
agdv,west,1
aggt,northeast,1
aghh,midwest,1
agis,midwest,1
agku,midwest,1
aguh,midwest,1
agxq,midwest,1
ahdy,west,1
ahek,northeast,1
ahgg,south,1
ahgi,midwest,1
ahgo,south,1
ahhm,south,1
ahst,south,1
ahwu,west,1
ahxa,northeast,1
ahya,west,1
aidb,south,1
aids,west,1
aihm,west,1
aiii,northeast,1
aimy,west,1
aipr,northeast,1
aiqi,south,1
aiwo,west,1
aixq,south,1
ajev,midwest,1
ajfp,northeast,1
ajft,west,1
ajfv,midwest,1
ajkz,south,1
ajqf,west,1
ajqv,northeast,1
ajvc,west,1
ajxf,midwest,1
ajzm,west,1
akao,west,1
akbk,midwest,1
akgs,midwest,1
akhe,south,1
akka,south,1
akst,south,1
akxm,south,1
aler,midwest,1
alez,northeast,1
alfc,midwest,1
algg,northeast,1
algi,south,1
algu,northeast,1
alhz,south,1
allm,south,1
alrk,west,1
alvh,west,1
alwh,south,1
amat,west,1
ambi,northeast,1
amjb,midwest,1
amjh,midwest,1
amjn,midwest,1
amks,midwest,1
ammz,west,1
amos,west,1
amtr,south,1
amwf,midwest,1
amxb,south,1
amzo,midwest,1
anjy,midwest,1
anlo,northeast,1
anmf,south,1
anuf,midwest,1
anvh,west,1
anvn,west,1
anwv,south,1
anxo,south,1
aoab,midwest,1
aogk,northeast,1
aogy,west,1
aogz,midwest,1
aold,south,1
aolg,northeast,1
aoqa,midwest,1
aoqj,west,1
aosf,west,1
aosw,midwest,1
apbg,south,1
aped,west,1
apms,northeast,1
apob,midwest,1
aprx,west,1
aptf,west,1
apwp,south,1
apya,west,1
aqah,west,1
aqii,west,1
aqju,south,1
aqkr,northeast,1
aqmh,west,1
aqqd,south,1
aqtk,midwest,1
aqvn,midwest,1
aqwz,midwest,1
aqyb,south,1
aqyz,northeast,1
arck,northeast,1
arlq,west,1
armw,south,1
aros,south,1
artb,northeast,1
asat,west,1
ascz,northeast,1
asdr,west,1
asge,west,1
asgy,midwest,1
asjf,west,1
asqy,midwest,1
astm,northeast,1
asur,midwest,1
asvb,midwest,1
asxp,south,1
asyc,south,1
atbg,south,1
atdm,west,1
atgo,northeast,1
atio,midwest,1
atlt,northeast,1
atnn,northeast,1
atns,northeast,1
attw,northeast,1
atun,west,1
auau,northeast,1
aubm,south,1
augy,south,1
auho,west,1
aulp,midwest,1
aunk,west,1
auti,northeast,1
auts,northeast,1
auuq,south,1
auwt,west,1
avof,west,1
avqi,west,1
avsn,west,1
avts,south,1
awij,south,1
awkt,northeast,1
awmx,west,1
awoa,midwest,1
awos,west,1
awrj,northeast,1
awsa,midwest,1
awts,midwest,1
awwn,west,1
axbh,west,1
axie,midwest,1
axlb,northeast,1
axru,south,1
axux,west,1
axzj,south,1
aybc,south,1
ayds,west,1
ayfi,south,1
ayhj,midwest,1
ayjf,northeast,1
aylk,northeast,1
ayna,west,1
aypd,west,1
aysb,south,1
ayup,west,1
ayyk,midwest,1
azal,west,1
azaz,west,1
azdp,midwest,1
azgk,west,1
azie,west,1
azln,northeast,1
azmp,midwest,1
azoh,midwest,1
azru,south,1
azti,northeast,1
azvh,south,1
azvj,west,1
azwc,west,1
azza,west,1
baag,northeast,1
bams,midwest,1
bapo,northeast,1
bapu,midwest,1
barv,midwest,1
batr,west,1
bavg,west,1
bawf,south,1
bbbs,northeast,1
bbcs,midwest,1
bbdt,northeast,1
bbfy,west,1
bbgp,west,1
bbki,midwest,1
bbpm,south,1
bbrp,west,1
bcbl,west,1
bccm,northeast,1
bcdh,west,1
bckk,south,1
bckt,west,1
bckw,south,1
bcln,northeast,1
bcoz,midwest,1
bcqe,northeast,1
bcux,west,1
bcvc,midwest,1
bcym,midwest,1
bder,west,1
bdof,west,1
bdpx,south,1
beac,west,1
becp,midwest,1
befg,northeast,1
begv,west,1
beix,west,1
belz,south,1
bepw,midwest,1
beqt,west,1
besg,midwest,1
besp,west,1
bexl,west,1
beyi,west,1
beyq,midwest,1
bfbs,midwest,1
bfea,west,1
bfes,midwest,1
bffg,south,1
bfgd,west,1
bfrc,south,1
bfuc,midwest,1
bfvp,west,1
bfxh,northeast,1
bgbv,south,1
bgci,west,1
bgll,west,1
bgnz,midwest,1
bgph,midwest,1
bgqk,south,1
bgtl,midwest,1
bgva,west,1
bgvw,midwest,1
bhbi,south,1
bhek,northeast,1
bhfd,midwest,1
bhff,northeast,1
bhfm,south,1
bhos,south,1
bhry,midwest,1
biit,west,1
bijp,west,1
biry,west,1
bjct,west,1
bjdy,midwest,1
bjiu,west,1
bjpu,south,1
bjqz,midwest,1
bjtq,west,1
bjwj,midwest,1
bjxc,west,1
bjxt,midwest,1
bjxy,midwest,1
bjxz,west,1
bjyl,west,1
bjyo,west,1
bkem,midwest,1
bkgt,west,1
bkgv,south,1
bkmd,west,1
bkpj,midwest,1
bkqd,northeast,1
bkwm,west,1
bkyh,south,1
bkyr,midwest,1
bkzb,west,1
bkzq,midwest,1
blif,midwest,1
blil,south,1
blne,south,1
bloh,south,1
blra,midwest,1
blrw,west,1
blui,west,1
blwy,northeast,1
blza,northeast,1
bmac,northeast,1
bmdf,west,1
bmfm,west,1
bmuh,midwest,1
bmvc,midwest,1
bmxf,northeast,1
bnar,west,1
bncy,south,1
bneq,south,1
bnfn,west,1
bnnl,northeast,1
bnvv,northeast,1
bnvy,midwest,1
bnxl,northeast,1
bnzq,south,1
body,midwest,1
bofk,south,1
bonv,west,1
boqk,northeast,1
boso,midwest,1
bosu,northeast,1
bovo,west,1
bowc,midwest,1
bowd,midwest,1
boyg,west,1
bozt,south,1
bpaf,south,1
bpbp,west,1
bpcd,northeast,1
bpcx,northeast,1
bpdt,south,1
bpnf,northeast,1
bpoc,west,1
bpop,west,1
bppq,northeast,1
bpxe,south,1
bpxs,west,1
bpzk,west,1
bqak,west,1
bqas,northeast,1
bqeg,west,1
bqip,northeast,1
bqjj,northeast,1
bqlt,south,1
bqni,midwest,1
bqqg,northeast,1
bqwk,west,1
bqwm,south,1
bqzc,midwest,1
bqze,west,1
brbn,south,1
brbx,west,1
brdy,south,1
brfy,midwest,1
brgi,midwest,1
brhs,south,1
brml,midwest,1
brpt,west,1
brsc,west,1
brvj,south,1
brwa,northeast,1
brxt,west,1
bsib,west,1
bsir,northeast,1
bsjr,northeast,1
bslg,west,1
bsrk,midwest,1
bste,midwest,1
bswf,west,1
bswl,midwest,1
bsys,northeast,1
btbu,west,1
btfg,south,1
btib,west,1
btkh,south,1
btks,south,1
btvc,south,1
btye,west,1
btyr,northeast,1
btzp,south,1
bulc,west,1
buol,midwest,1
butv,midwest,1
buus,west,1
buwx,west,1
bvac,west,1
bvda,south,1
bvil,south,1
bvis,west,1
bvjq,south,1
bvjz,south,1
bvlq,south,1
bvmr,west,1
bvoe,west,1
bvsu,west,1
bvtv,midwest,1
bvxb,south,1
bvyx,midwest,1
bwao,midwest,1
bwhw,west,1
bwjr,west,1
bwkg,midwest,1
bwkt,northeast,1
bwmp,west,1
bwnw,west,1
bwny,south,1
bwps,midwest,1
bwqy,west,1
bwri,midwest,1
bwrm,northeast,1
bwsk,west,1
bwte,west,1
bwuz,west,1
bwvt,west,1
bxav,northeast,1
bxbw,west,1
bxgm,south,1
bxgy,midwest,1
bxmo,south,1
bxnc,midwest,1
bxno,west,1
bxth,midwest,1
bxvn,south,1
bycy,west,1
byfh,midwest,1
bygm,west,1
byhu,west,1
bylg,west,1
bylw,west,1
byry,west,1
byto,west,1
byuf,west,1
byur,northeast,1
byzo,midwest,1
bzce,midwest,1
bzfe,northeast,1
bzfn,midwest,1
bzha,west,1
bzkh,south,1
bzkq,south,1
bznp,west,1
bznu,midwest,1
bzqi,west,1
bzwf,west,1
bzxy,west,1
bzyk,midwest,1
cada,west,1
cadb,south,1
caic,south,1
camd,west,1
capf,west,1
capm,northeast,1
caqq,west,1
casu,west,1
cawc,midwest,1
caxj,west,1
caye,west,1
cayg,south,1
cbcy,south,1
cbdb,south,1
cbec,northeast,1
cbep,west,1
cbke,midwest,1
cbkl,south,1
cboa,west,1
cbol,midwest,1
cbor,west,1
cbpk,south,1
cbpq,midwest,1
cbpv,west,1
cbsd,south,1
cbsu,south,1
ccix,northeast,1
cckk,west,1
ccmc,west,1
ccof,west,1
ccrk,northeast,1
cctg,south,1
cczl,west,1
cdag,west,1
cdci,south,1
cdkq,west,1
cdpd,south,1
cdxy,south,1
cdye,northeast,1
cdys,midwest,1
ceci,south,1
cecw,midwest,1
cepb,south,1
cepm,west,1
ceri,midwest,1
cezr,northeast,1
cfds,northeast,1
cfec,west,1
cfgc,northeast,1
cfgu,south,1
cfkq,midwest,1
cfms,west,1
cfqk,south,1
cfuc,south,1
cfvr,midwest,1
cfvu,south,1
cfwb,midwest,1
cfwm,west,1
cfwq,west,1
cfyl,west,1
cfzv,west,1
cgaj,northeast,1
cgik,south,1
cgjx,west,1
cgpp,west,1
cgqf,west,1
cgrz,west,1
cguj,west,1
cgvb,west,1
cgzv,west,1
chcf,south,1
chgk,northeast,1
chim,west,1
chmp,northeast,1
chqb,west,1
chqn,south,1
chrg,northeast,1
cigc,northeast,1
cihn,west,1
cijg,midwest,1
cikk,midwest,1
cimh,northeast,1
cinm,west,1
cior,south,1
ciou,south,1
cipg,south,1
cipt,west,1
ciua,west,1
ciwx,south,1
cjdh,south,1
cjme,south,1
cjpx,west,1
cjqc,west,1
cjyr,midwest,1
ckbt,west,1
ckbu,midwest,1
ckef,west,1
ckfk,midwest,1
ckif,northeast,1
ckim,west,1
ckmi,south,1
cktl,south,1
cktr,west,1
ckve,west,1
ckxy,midwest,1
clcu,northeast,1
clcv,west,1
clcy,west,1
clex,south,1
clgc,south,1
clhx,northeast,1
clmh,northeast,1
clnt,west,1
clsy,northeast,1
cltq,midwest,1
clxr,northeast,1
cmcj,midwest,1
cmgj,south,1
cmrb,west,1
cmrs,midwest,1
cmxp,northeast,1
cmze,northeast,1
cnct,midwest,1
cngx,south,1
cnhs,midwest,1
cnqa,midwest,1
cnrg,west,1
cnsf,west,1
cnsl,northeast,1
cntm,west,1
cnun,northeast,1
cnut,midwest,1
cnvw,west,1
cnxj,south,1
cnxk,south,1
cnzt,west,1
coao,south,1
cobg,south,1
cobk,south,1
cofk,northeast,1
cofy,west,1
cogu,south,1
coje,south,1
cojx,midwest,1
cokv,northeast,1
conf,south,1
corg,south,1
covp,west,1
covv,northeast,1
cozt,midwest,1
cpbj,west,1
cpry,northeast,1
cpzg,northeast,1
cqcs,west,1
cqdp,midwest,1
cqmn,midwest,1
cqmo,west,1
cqpa,west,1
cqqi,northeast,1
cqrh,south,1
cqsk,northeast,1
cqte,south,1
cqvp,west,1
cqym,south,1
cqzg,south,1
crbh,northeast,1
crel,west,1
crgg,northeast,1
crgm,west,1
crhn,midwest,1
crny,midwest,1
croa,midwest,1
crod,west,1
crrj,midwest,1
crrm,midwest,1
crrx,south,1
crub,west,1
crzs,west,1
csgl,west,1
csjz,west,1
cslh,northeast,1
csna,midwest,1
csov,west,1
csqv,south,1
csqx,south,1
cssb,south,1
csuz,south,1
ctcw,south,1
cteg,south,1
ctel,midwest,1
ctnk,northeast,1
ctsj,midwest,1
ctta,northeast,1
ctvu,midwest,1
cubo,west,1
cugn,west,1
cujm,south,1
cukg,west,1
cukm,south,1
cuku,midwest,1
cupl,west,1
cuqj,south,1
cusa,midwest,1
cuss,south,1
cvcw,south,1
cveh,west,1
cvez,midwest,1
cvfy,midwest,1
cvkq,south,1
cvls,midwest,1
cvmi,south,1
cvuf,midwest,1
cvwb,midwest,1
cvwz,northeast,1
cwev,south,1
cwrw,midwest,1
cwup,midwest,1
cxap,west,1
cxbl,west,1
cxbq,west,1
cxej,west,1
cxjr,south,1
cxmp,northeast,1
cxmw,south,1
cxoh,west,1
cyem,west,1
cyfg,south,1
cygr,west,1
cymm,midwest,1
cypv,midwest,1
cytg,west,1
cywf,northeast,1
cywk,west,1
cyxo,midwest,1
cyyl,west,1
cyze,south,1
czdo,south,1
czdy,south,1
czgq,midwest,1
czlf,west,1
czqq,south,1
czts,midwest,1
dacs,west,1
dact,south,1
daiq,west,1
dakc,south,1
dalj,midwest,1
daov,west,1
daow,west,1
dapt,midwest,1
davb,west,1
davl,midwest,1
daxo,west,1
dazb,midwest,1
dbbm,south,1
dbci,west,1
dbcy,west,1
dbpe,northeast,1
dbsi,south,1
dbtx,midwest,1
dbuh,northeast,1
dbuy,west,1
dbvq,midwest,1
dbxc,west,1
dbxj,south,1
dccc,south,1
dccn,west,1
dcgw,northeast,1
dcgy,south,1
dcil,northeast,1
dcpd,northeast,1
dcud,midwest,1
dcxg,midwest,1
dcxh,south,1
ddgf,west,1
ddgx,south,1
ddhc,south,1
ddjn,west,1
ddlh,midwest,1
ddql,west,1
ddyg,south,1
ddzj,midwest,1
ddzs,south,1
ddzv,south,1
deei,west,1
defq,west,1
degp,midwest,1
degr,midwest,1
deib,south,1
demv,west,1
deoz,west,1
depf,west,1
devg,west,1
dexc,south,1
deyp,midwest,1
deyt,northeast,1
dfbj,south,1
dfbk,west,1
dfdn,south,1
dffh,midwest,1
dfil,northeast,1
dfol,midwest,1
dfsa,northeast,1
dfxn,south,1
dfzl,midwest,1
dfzt,midwest,1
dgba,west,1
dgek,south,1
dgih,south,1
dgjz,west,1
dglr,west,1
dgmf,west,1
dgsn,west,1
dgsx,south,1
dgti,south,1
dgvl,northeast,1
dgyn,west,1
dgyq,west,1
dhbd,midwest,1
dhbf,west,1
dhfj,west,1
dhhf,west,1
dhih,west,1
dhlb,midwest,1
dhle,midwest,1
dhpv,west,1
dhpw,west,1
dhsj,midwest,1
dhsv,northeast,1
dhtg,west,1
dhwx,south,1
dibp,northeast,1
didl,midwest,1
difd,west,1
dinb,midwest,1
dinw,midwest,1
diql,south,1
diqx,northeast,1
diro,south,1
dius,midwest,1
djas,northeast,1
djcf,south,1
djgq,northeast,1
djka,midwest,1
djld,northeast,1
djmt,south,1
djqq,midwest,1
djtw,west,1
djxb,midwest,1
djym,south,1
dkec,midwest,1
dkem,west,1
dkgx,midwest,1
dkht,south,1
dkks,midwest,1
dkli,midwest,1
dkmr,west,1
dkuf,midwest,1
dkzz,west,1
dldr,south,1
dlei,midwest,1
dleu,northeast,1
dlfo,west,1
dlis,west,1
dlnc,south,1
dlom,midwest,1
dlps,midwest,1
dlwa,west,1
dlwm,south,1
dmaa,west,1
dmbs,west,1
dmby,midwest,1
dmee,west,1
dmie,northeast,1
dmiw,south,1
dmjo,south,1
dmjp,west,1
dmkf,west,1
dmlo,midwest,1
dmmq,west,1
dmob,northeast,1
dmov,west,1
dmru,midwest,1
dmsr,south,1
dmwh,west,1
dmyi,south,1
dnbf,south,1
dnde,northeast,1
dnot,midwest,1
dnqh,midwest,1
dnqr,west,1
dnra,south,1
dnuy,west,1
dodf,south,1
dods,west,1
doek,south,1
dofp,south,1
doft,west,1
dohg,west,1
domd,northeast,1
dooq,west,1
dopu,midwest,1
doqj,west,1
dovc,south,1
doxj,south,1
dozf,midwest,1
dpfl,midwest,1
dphp,south,1
dpih,midwest,1
dpjv,south,1
dpmo,west,1
dpnd,northeast,1
dpnf,west,1
dpqf,midwest,1
dpws,midwest,1
dpwy,south,1
dpzd,northeast,1
dqav,west,1
dqdq,midwest,1
dqqf,midwest,1
dqwc,midwest,1
drdz,west,1
drfk,midwest,1
drhk,west,1
dril,south,1
drkm,northeast,1
drne,west,1
drnk,south,1
drrp,northeast,1
drxo,west,1
drzb,northeast,1
dsbb,midwest,1
dsbc,northeast,1
dsby,northeast,1
dshz,west,1
dspp,south,1
dssq,west,1
dsti,west,1
dtdg,west,1
dtgf,midwest,1
dtot,west,1
dtrk,midwest,1
dtva,midwest,1
dtyc,west,1
dtzu,south,1
duat,south,1
dudk,south,1
dufz,west,1
duhk,west,1
duiw,south,1
dupy,west,1
duxo,midwest,1
duyl,west,1
dvav,south,1
dvcx,west,1
dvdj,midwest,1
dvdr,west,1
dvgh,south,1
dvmf,west,1
dvow,west,1
dwaf,midwest,1
dwcq,south,1
dwfm,west,1
dwge,northeast,1
dwix,south,1
dwjw,south,1
dwlm,west,1
dwna,midwest,1
dwod,midwest,1
dwog,south,1
dwsl,midwest,1
dwvc,midwest,1
dwwk,south,1
dwxu,northeast,1
dxbt,west,1
dxce,south,1
dxef,west,1
dxfb,northeast,1
dxhu,south,1
dxly,south,1
dxvp,west,1
dxvy,northeast,1
dydj,midwest,1
dygn,northeast,1
dyhr,west,1
dyjg,west,1
dyki,west,1
dykj,northeast,1
dyqt,west,1
dyqu,northeast,1
dyrb,northeast,1
dyso,northeast,1
dyuy,west,1
dyxo,midwest,1
dzai,midwest,1
dzcn,northeast,1
dzlh,south,1
dzop,south,1
dzsc,south,1
dzuo,south,1
dzxc,midwest,1
dzzz,midwest,1
eaic,midwest,1
eake,northeast,1
eamn,west,1
eamy,south,1
easa,west,1
eatn,midwest,1
eaty,west,1
eaua,west,1
eaxa,west,1
ebaa,west,1
ebbg,west,1
ebbq,midwest,1
ebfk,northeast,1
ebje,northeast,1
ebjw,south,1
ebkt,south,1
ebqs,west,1
ebrj,midwest,1
ebua,midwest,1
ecac,west,1
ecem,west,1
ecfy,south,1
ecqr,south,1
ecrh,west,1
ecvl,northeast,1
ecxa,midwest,1
ecxf,west,1
ecyi,west,1
ecze,south,1
edaa,south,1
edcn,west,1
edko,west,1
ednf,northeast,1
edri,west,1
edsg,west,1
edtt,west,1
edua,south,1
edxa,south,1
edyh,south,1
edze,south,1
eeee,south,1
eeki,northeast,1
eeqt,west,1
eeqv,northeast,1
eero,west,1
eets,south,1
eeup,west,1
eewd,northeast,1
efdr,midwest,1
eflo,northeast,1
efmv,west,1
efpm,west,1
efri,northeast,1
efrn,northeast,1
efvi,northeast,1
efxd,northeast,1
efzc,northeast,1
efzt,west,1
efzw,west,1
egab,south,1
egct,midwest,1
egdd,south,1
egdu,west,1
egjs,south,1
egle,midwest,1
egmo,west,1
egos,midwest,1
egra,south,1
egrf,west,1
egtj,midwest,1
egxi,south,1
egxl,west,1
ehaq,northeast,1
ehem,west,1
ehil,west,1
ehis,west,1
ehmd,midwest,1
ehre,south,1
ehry,west,1
ehrz,west,1
ehsk,midwest,1
ehsm,west,1
eidd,northeast,1
eiec,west,1
eigt,northeast,1
eilm,northeast,1
eimh,south,1
eimu,west,1
eiwo,west,1
eiyc,midwest,1
eiyg,northeast,1
ejbv,northeast,1
ejgd,midwest,1
ejhc,west,1
ejjk,midwest,1
ejko,south,1
ejle,west,1
ejpn,northeast,1
ejrv,west,1
ejzo,west,1
ejzr,midwest,1
ekaz,south,1
ekbs,midwest,1
ekdh,midwest,1
ekhg,northeast,1
ekmt,south,1
eknd,south,1
ekrd,west,1
ekta,west,1
ekwi,midwest,1
ekwk,west,1
ekzs,south,1
elcc,northeast,1
eljy,west,1
elle,west,1
ello,west,1
eloa,northeast,1
emga,midwest,1
emgh,west,1
emhj,south,1
emku,south,1
emsq,midwest,1
emss,midwest,1
emtd,midwest,1
encv,midwest,1
enfc,midwest,1
engd,south,1
engm,west,1
enkp,northeast,1
enng,south,1
enqr,midwest,1
ensq,west,1
enzc,northeast,1
enzw,northeast,1
eocj,west,1
eohm,west,1
eoxa,west,1
eoxd,northeast,1
eoyi,west,1
eozh,south,1
epbl,midwest,1
epdt,west,1
epfx,south,1
epgt,south,1
epir,west,1
epnk,west,1
epqf,south,1
epqq,south,1
eprv,west,1
eprz,south,1
eptj,midwest,1
epts,south,1
epvi,northeast,1
epxf,west,1
epxg,south,1
epyf,midwest,1
epzt,northeast,1
eqdz,northeast,1
eqhv,south,1
eqkm,west,1
eqkz,northeast,1
eqmc,south,1
eqmu,west,1
eqmx,south,1
eqtl,west,1
eqts,west,1
equk,west,1
eqvb,west,1
eqyb,west,1
eqyi,west,1
eqza,west,1
eqzt,west,1
erdj,midwest,1
erdq,northeast,1
erec,northeast,1
erfl,midwest,1
erhb,midwest,1
erlf,south,1
ermx,south,1
erog,west,1
errr,west,1
ersq,west,1
ertg,midwest,1
ervg,midwest,1
erzs,south,1
esci,west,1
esdu,south,1
esic,northeast,1
esly,midwest,1
esnp,west,1
esoh,west,1
esow,south,1
estx,south,1
eswv,northeast,1
esyl,south,1
eszd,northeast,1
etal,south,1
etbx,northeast,1
etei,midwest,1
etmk,northeast,1
etoc,west,1
etvt,west,1
etwe,northeast,1
etxf,west,1
etxs,midwest,1
etzx,west,1
eucx,midwest,1
eugm,west,1
euhb,midwest,1
euky,west,1
eurq,northeast,1
euxf,west,1
euyv,west,1
euyx,midwest,1
euzj,west,1
evfp,west,1
eviq,midwest,1
evjb,northeast,1
evjx,west,1
evme,west,1
evpa,midwest,1
evps,south,1
evwj,west,1
evzn,west,1
ewce,west,1
ewee,west,1
ewpq,west,1
ewso,midwest,1
ewuw,west,1
ewxb,south,1
excp,midwest,1
exhk,midwest,1
exiz,west,1
exjd,west,1
exqy,south,1
exrz,midwest,1
exsa,south,1
exsq,northeast,1
exyr,south,1
exzm,south,1
eyly,west,1
eypv,midwest,1
eytx,south,1
eyut,south,1
eyzg,midwest,1
ezaf,northeast,1
ezai,northeast,1
ezeb,midwest,1
ezex,midwest,1
ezkq,midwest,1
ezsi,south,1
ezwp,northeast,1
ezwu,west,1
ezyz,midwest,1
faaf,south,1
fafn,west,1
fahm,west,1
fajh,midwest,1
fakn,midwest,1
fapj,midwest,1
fasv,south,1
fasy,midwest,1
fatt,midwest,1
faxi,midwest,1
fayb,west,1
fbdj,midwest,1
fbfu,midwest,1
fbim,west,1
fbom,west,1
fbsj,west,1
fbur,south,1
fbvn,northeast,1
fbwu,midwest,1
fbxe,west,1
fcee,midwest,1
fclf,midwest,1
fcsp,midwest,1
fcwz,midwest,1
fczj,midwest,1
fczm,northeast,1
fdbe,south,1
fdbt,south,1
fddn,midwest,1
fdgs,west,1
fdnj,south,1
fdrf,west,1
fdst,south,1
fdtq,south,1
fdvc,northeast,1
fdwe,west,1
fdxt,south,1
fdye,midwest,1
fdyv,northeast,1
febh,west,1
fech,south,1
feii,west,1
fejx,south,1
feln,west,1
femd,northeast,1
fepx,west,1
ferf,west,1
fevk,south,1
fewj,west,1
fext,midwest,1
ffeu,south,1
fffs,midwest,1
fffz,northeast,1
ffrh,northeast,1
ffrq,south,1
ffwk,south,1
ffyh,west,1
ffzu,west,1
fgeh,midwest,1
fgfh,midwest,1
fgfk,west,1
fghp,south,1
fghr,west,1
fghw,midwest,1
fgik,west,1
fgix,south,1
fgnl,south,1
fgpb,west,1
fgvm,west,1
fgwi,south,1
fgwu,west,1
fgyx,west,1
fgyy,midwest,1
fhax,west,1
fhez,midwest,1
fhmg,south,1
fhrm,south,1
fhtt,midwest,1
fhzt,south,1
fial,midwest,1
fide,midwest,1
fieo,west,1
fimf,west,1
fipu,northeast,1
firo,midwest,1
fisg,northeast,1
fito,west,1
fivk,west,1
fiwy,west,1
fiye,midwest,1
fiyw,northeast,1
fjej,midwest,1
fjex,midwest,1
fjez,midwest,1
fjkw,midwest,1
fjmv,midwest,1
fjql,midwest,1
fjqn,midwest,1
fjrt,midwest,1
fjuw,west,1
fjvi,midwest,1
fjvp,west,1
fkdg,midwest,1
fkdm,west,1
fkdo,south,1
fkem,south,1
fkfo,west,1
fkhs,west,1
fkki,northeast,1
fkmg,west,1
fkqz,south,1
fkrh,midwest,1
fkzt,west,1
fldd,south,1
flks,midwest,1
flpu,west,1
flse,midwest,1
flua,south,1
fluo,northeast,1
flzz,midwest,1
fmdy,northeast,1
fmei,midwest,1
fmue,west,1
fmzk,west,1
fnal,northeast,1
fncp,west,1
fnjq,midwest,1
fnnu,south,1
fnoj,midwest,1
fnqb,south,1
fnts,midwest,1
fnws,west,1
foaz,south,1
focy,south,1
foes,midwest,1
fofj,west,1
fofk,northeast,1
fohc,west,1
fomv,west,1
fomw,west,1
fopf,west,1
fors,midwest,1
foru,west,1
fowg,west,1
foww,northeast,1
fpco,west,1
fpdf,northeast,1
fpfj,midwest,1
fpgj,west,1
fpjj,south,1
fpjk,south,1
fplu,south,1
fpog,west,1
fptl,west,1
fpwg,northeast,1
fpxn,west,1
fqbd,west,1
fqbz,south,1
fqew,south,1
fqhv,west,1
fqkb,south,1
fqmv,midwest,1
fqog,west,1
fqsb,midwest,1
fqsz,south,1
fqur,midwest,1
fqvf,west,1
fqym,south,1
frif,west,1
frka,northeast,1
frpg,west,1
frpy,midwest,1
frqs,south,1
frre,west,1
frti,northeast,1
frvg,northeast,1
fryk,midwest,1
fsfh,midwest,1
fsfz,midwest,1
fsgj,south,1
fshd,midwest,1
fsjd,south,1
fsld,south,1
fssa,south,1
fsue,west,1
fsvk,south,1
fsyh,south,1
ftam,midwest,1
ftdj,west,1
fthb,midwest,1
ftyx,south,1
ftzz,northeast,1
fuah,northeast,1
fuai,west,1
fube,midwest,1
fubs,west,1
fucg,west,1
fuij,midwest,1
fukp,midwest,1
fumq,south,1
fund,south,1
funl,south,1
fuog,south,1
fuue,west,1
fuvd,west,1
fuyt,west,1
fuyu,west,1
fuzc,south,1
fvav,west,1
fvfl,south,1
fvft,south,1
fvgk,south,1
fvhm,south,1
fvnx,west,1
fvoy,west,1
fvyu,west,1
fvzp,south,1
fwbc,south,1
fwcd,northeast,1
fwcg,south,1
fwci,west,1
fweb,west,1
fwfw,west,1
fwia,midwest,1
fwjw,west,1
fwku,northeast,1
fwky,south,1
fwnf,south,1
fwnx,west,1
fwqb,northeast,1
fwrd,west,1
fwwl,west,1
fwzq,midwest,1
fxar,midwest,1
fxbp,south,1
fxcj,west,1
fxdc,midwest,1
fxdi,south,1
fxgj,midwest,1
fxlo,midwest,1
fxnv,west,1
fxse,west,1
fxus,northeast,1
fxyd,south,1
fxzr,northeast,1
fyav,west,1
fybc,midwest,1
fybj,west,1
fydm,south,1
fyeo,midwest,1
fyhp,northeast,1
fyqn,midwest,1
fyrr,south,1
fzdr,south,1
fzsd,south,1
fzsk,midwest,1
fzwj,west,1
fzyu,midwest,1
fzzi,west,1
gadn,west,1
gamt,midwest,1
gaog,northeast,1
gayk,northeast,1
gbcj,midwest,1
gbhv,west,1
gbjc,west,1
gbpb,south,1
gbpi,south,1
gbrw,northeast,1
gbsm,west,1
gbts,midwest,1
gbuk,midwest,1
gbvz,west,1
gcid,northeast,1
gcjb,west,1
gcjz,west,1
gcnj,west,1
gcqi,south,1
gdaa,northeast,1
gdjf,west,1
gdlp,west,1
gdrd,west,1
gdwo,northeast,1
gdzf,west,1
gecw,south,1
gedb,midwest,1
gedk,south,1
gedz,west,1
geim,northeast,1
gejl,midwest,1
gelp,midwest,1
gepk,midwest,1
geqf,northeast,1
gevf,northeast,1
gewl,northeast,1
gewv,west,1
gfca,northeast,1
gfdf,west,1
gfej,west,1
gfet,west,1
gffr,northeast,1
gfhq,south,1
gflb,west,1
gfnb,midwest,1
gfpx,south,1
gfyx,west,1
ggaz,west,1
ggbk,west,1
ggcq,midwest,1
gggp,northeast,1
ggns,west,1
ggnz,west,1
ggod,west,1
ggvt,midwest,1
ggyp,west,1
ghdg,west,1
ghef,northeast,1
ghgn,northeast,1
ghjh,midwest,1
ghmz,west,1
ghnj,northeast,1
ghnm,south,1
ghoz,midwest,1
ghpt,south,1
ghth,south,1
gibm,south,1
giha,west,1
gikd,west,1
giox,northeast,1
gixw,south,1
giyp,south,1
gizr,northeast,1
gjed,south,1
gjit,west,1
gjjv,northeast,1
gjkf,midwest,1
gjtd,south,1
gjtw,west,1
gjxb,midwest,1
gjxc,west,1
gjxw,west,1
gjzs,west,1
gkab,west,1
gkbq,midwest,1
gkbw,northeast,1
gkcn,midwest,1
gkfw,west,1
gkgh,south,1
gkhk,west,1
gkkk,west,1
gkks,midwest,1
gknt,south,1
gkqx,midwest,1
gktd,west,1
gkua,midwest,1
gkux,northeast,1
glbt,south,1
glcr,west,1
gldo,west,1
glfp,northeast,1
glgi,midwest,1
glgt,west,1
gljb,west,1
glkd,west,1
gllm,west,1
glmf,west,1
glsm,midwest,1
gltl,west,1
gltt,south,1
glvc,northeast,1
gmap,west,1
gmbb,west,1
gmdi,west,1
gmfc,west,1
gmiw,northeast,1
gmkr,west,1
gmlb,northeast,1
gmlv,northeast,1
gmui,south,1
gmvl,northeast,1
gmvx,west,1
gmxe,midwest,1
gnar,south,1
gndh,midwest,1
gnej,midwest,1
gnfm,west,1
gnil,south,1
gnir,northeast,1
gnog,west,1
gnpt,northeast,1
gnpz,west,1
gnrh,northeast,1
gnrm,midwest,1
gnwm,midwest,1
gojq,west,1
gopy,midwest,1
gozo,midwest,1
gpew,west,1
gpix,northeast,1
gplb,south,1
gpng,west,1
gpqg,south,1
gpxd,west,1
gqbc,midwest,1
gqeq,west,1
gqhj,northeast,1
gqhv,northeast,1
gqmw,west,1
gqnj,west,1
gqpp,northeast,1
gquc,south,1
gqvv,west,1
gqzc,west,1
gqzh,south,1
graa,south,1
grnm,south,1
grpd,south,1
grwx,midwest,1
gsgs,south,1
gska,west,1
gsnj,west,1
gsoe,south,1
gspx,midwest,1
gsra,northeast,1
gsvf,south,1
gswy,west,1
gtcf,northeast,1
gtem,west,1
gtjo,northeast,1
gtjz,northeast,1
gttn,south,1
gtxv,south,1
gubf,west,1
gudn,northeast,1
gudo,northeast,1
guhr,south,1
guka,midwest,1
gukk,northeast,1
gulq,midwest,1
guoz,midwest,1
gutp,midwest,1
guvu,south,1
guwo,west,1
guxf,west,1
gvbo,west,1
gvds,south,1
gvmc,northeast,1
gvoc,west,1
gvsy,midwest,1
gvym,west,1
gwbz,northeast,1
gwei,south,1
gweo,midwest,1
gwgz,northeast,1
gwif,west,1
gwpi,west,1
gwqx,west,1
gwtb,northeast,1
gwxs,northeast,1
gwxt,midwest,1
gxdl,midwest,1
gxer,midwest,1
gxhm,south,1
gxiu,west,1
gxjq,south,1
gxna,midwest,1
gxoa,west,1
gxrj,midwest,1
gxsf,west,1
gxvj,south,1
gxzk,west,1
gyaj,midwest,1
gybi,west,1
gycc,west,1
gykg,midwest,1
gyki,northeast,1
gylq,west,1
gymc,west,1
gymm,west,1
gyov,south,1
gyqa,south,1
gyro,west,1
gysd,south,1
gyts,west,1
gyxz,west,1
gzad,northeast,1
gzbi,west,1
gzci,midwest,1
gzea,northeast,1
gzeq,south,1
gzin,west,1
gzmu,west,1
gznv,west,1
gzrs,south,1
gzsw,west,1
gzta,west,1
gztb,midwest,1
gzug,northeast,1
gzxm,west,1
gzzk,south,1
haag,west,1
hafr,west,1
haic,midwest,1
hajh,northeast,1
hanx,midwest,1
haod,west,1
haor,west,1
hbcl,midwest,1
hbfv,west,1
hbge,west,1
hbgh,south,1
hbgs,south,1
hbjj,west,1
hbre,northeast,1
hbrp,west,1
hbuw,northeast,1
hbyh,midwest,1
hcgz,south,1
hcnu,midwest,1
hcsa,west,1
hdbg,west,1
hdcw,west,1
hdfn,northeast,1
hdgk,west,1
hdmt,west,1
hdnx,south,1
hdvw,south,1
hean,west,1
hecv,west,1
hehr,west,1
heip,south,1
heok,west,1
heoz,west,1
heqk,west,1
heuv,south,1
hezm,midwest,1
hffr,west,1
hfgb,west,1
hfjh,south,1
hfmk,midwest,1
hfpi,west,1
hftd,northeast,1
hfui,south,1
hfvr,west,1
hfwk,northeast,1
hfww,south,1
hfxl,south,1
hfyg,northeast,1
hgew,south,1
hghr,west,1
hgoq,midwest,1
hgqb,west,1
hgqo,midwest,1
hgra,south,1
hgzl,midwest,1
hhag,northeast,1
hhcc,northeast,1
hhet,west,1
hhgq,west,1
hhir,south,1
hhku,northeast,1
hhlw,south,1
hhsy,midwest,1
hhwa,west,1
hhxx,south,1
hhys,south,1
hiid,west,1
hijy,west,1
himd,midwest,1
hiom,midwest,1
hipx,west,1
hisl,south,1
hite,west,1
hivt,midwest,1
hiwv,midwest,1
hixp,west,1
hjbw,south,1
hjcj,west,1
hjdw,west,1
hjis,south,1
hjpe,west,1
hjso,south,1
hjtw,northeast,1
hjvz,northeast,1
hjwb,west,1
hjyi,south,1
hjzj,south,1
hjzs,midwest,1
hkcl,midwest,1
hkey,south,1
hklc,west,1
hkms,west,1
hkuz,west,1
hkzw,west,1
hlfs,west,1
hlgu,midwest,1
hlkp,west,1
hlmf,midwest,1
hlmh,northeast,1
hlpu,west,1
hltp,northeast,1
hmay,northeast,1
hmbh,south,1
hmer,south,1
hmfa,west,1
hmhe,northeast,1
hmhf,northeast,1
hmii,west,1
hmiz,midwest,1
hmje,northeast,1
hmqq,west,1
hmvr,west,1
hnbp,northeast,1
hndl,midwest,1
hnhx,south,1
hniw,west,1
hniy,south,1
hnln,midwest,1
hnlt,northeast,1
hnyh,midwest,1
hobs,midwest,1
hofe,south,1
hofq,west,1
hoib,west,1
hoon,west,1
hopx,south,1
hoqd,midwest,1
hosz,south,1
hovi,south,1
howg,south,1
howu,west,1
howw,west,1
hoxk,midwest,1
hoxu,midwest,1
hpdo,south,1
hpkb,west,1
hpkh,west,1
hpkv,northeast,1
hpnl,northeast,1
hpoi,northeast,1
hppc,northeast,1
hprt,west,1
hptt,midwest,1
hptu,west,1
hpvi,west,1
hqad,midwest,1
hqag,west,1
hqhh,south,1
hqho,south,1
hqkr,south,1
hquk,northeast,1
hqvm,midwest,1
hqvz,west,1
hrab,west,1
hrfb,west,1
hrfr,northeast,1
hrie,northeast,1
hrjd,midwest,1
hrpl,west,1
hrri,west,1
hrsf,south,1
hrsu,west,1
hrvz,northeast,1
hrxm,northeast,1
hryh,south,1
hrzz,northeast,1
hsbw,midwest,1
hshd,south,1
hsja,west,1
hske,south,1
hskv,midwest,1
hsng,south,1
hspc,south,1
hsqr,west,1
hsra,northeast,1
hsua,northeast,1
hsul,west,1
hsuo,northeast,1
hsvr,west,1
hswn,midwest,1
hswp,midwest,1
htbj,midwest,1
htgg,west,1
hthh,northeast,1
hthq,west,1
hthu,midwest,1
htou,midwest,1
htsf,south,1
htsz,northeast,1
htwp,west,1
hubl,south,1
hufe,west,1
hugo,south,1
hugw,south,1
huhh,northeast,1
huin,northeast,1
hujm,west,1
hunc,midwest,1
huqb,west,1
huqx,south,1
husd,midwest,1
huvo,west,1
huxw,northeast,1
huyz,south,1
hvbv,northeast,1
hvev,south,1
hvjx,west,1
hvth,northeast,1
hvuj,northeast,1
hvve,northeast,1
hvxo,midwest,1
hwhs,west,1
hwld,northeast,1
hwly,west,1
hwmi,south,1
hwmm,south,1
hwqx,west,1
hwqz,south,1
hwsh,midwest,1
hwul,northeast,1
hwuz,midwest,1
hwxo,west,1
hxaf,northeast,1
hxlm,midwest,1
hxpx,west,1
hxuk,midwest,1
hyag,west,1
hycp,west,1
hyfi,midwest,1
hyjf,west,1
hylk,west,1
hyny,northeast,1
hysa,south,1
hyts,west,1
hyuy,midwest,1
hyvs,south,1
hyxh,northeast,1
hyxn,midwest,1
hyxp,south,1
hyzc,west,1
hzal,midwest,1
hzbg,midwest,1
hzca,northeast,1
hzdy,south,1
hzfs,west,1
hzlu,west,1
hzmm,midwest,1
hzqf,south,1
hzrk,midwest,1
hzsc,west,1
hztw,northeast,1
iaah,west,1
iaip,south,1
iajq,midwest,1
ialm,west,1
iane,northeast,1
iapr,west,1
iaql,northeast,1
iauu,south,1
iavh,south,1
ibnb,northeast,1
ibog,west,1
iboi,south,1
iboz,northeast,1
ibqy,northeast,1
ibtz,midwest,1
ibur,west,1
ibvw,south,1
ibxk,midwest,1
ibyf,northeast,1
ibyz,south,1
icii,midwest,1
icje,west,1
icrq,northeast,1
ictc,midwest,1
iczf,west,1
idgz,midwest,1
idhh,west,1
idns,west,1
iedz,west,1
ieft,south,1
ieid,midwest,1
ieof,midwest,1
iepb,south,1
ieql,midwest,1
ieqy,northeast,1
iewm,west,1
iewx,midwest,1
iexl,south,1
ifab,northeast,1
ifbo,west,1
ifeh,west,1
ifel,west,1
ifmz,south,1
ifnv,northeast,1
igcf,west,1
igef,midwest,1
igfh,west,1
igiv,west,1
iglw,midwest,1
igpa,northeast,1
igqc,northeast,1
igqk,midwest,1
igqu,south,1
igtm,northeast,1
igvn,northeast,1
ihho,midwest,1
ihht,northeast,1
ihib,south,1
ihrx,midwest,1
ihwj,west,1
ihxf,west,1
ihyj,south,1
ihzw,midwest,1
iiby,northeast,1
iier,west,1
iihy,west,1
iijf,west,1
iiol,northeast,1
iipw,west,1
iivl,west,1
iivs,south,1
iixs,northeast,1
iizs,south,1
ijhi,south,1
ijlj,northeast,1
ijnv,midwest,1
ijod,south,1
ijqp,west,1
ijvc,west,1
ijyc,northeast,1
ikej,west,1
ikjx,west,1
iklj,west,1
ikmw,northeast,1
ikrr,midwest,1
ikrw,midwest,1
iksi,west,1
ilbh,west,1
ilcp,northeast,1
ilde,midwest,1
ilfb,northeast,1
ilin,northeast,1
iljf,west,1
iloi,midwest,1
ilqp,west,1
ilul,northeast,1
iluo,south,1
ilvd,south,1
ilvp,west,1
ilwl,west,1
ilxh,south,1
imbl,south,1
imhp,midwest,1
imjd,west,1
imjz,south,1
impr,south,1
imsg,south,1
imsl,west,1
imsv,west,1
imtl,west,1
imwi,midwest,1
imwu,midwest,1
ineg,midwest,1
infp,west,1
iniq,west,1
injy,south,1
inkc,northeast,1
inox,west,1
inqq,south,1
insw,west,1
inuc,west,1
invu,west,1
inwm,west,1
iobq,midwest,1
iogc,west,1
iogr,west,1
iooe,west,1
iooh,south,1
iork,midwest,1
ioyd,west,1
ioyi,south,1
ioyy,northeast,1
ipck,west,1
iphn,midwest,1
ipho,west,1
ipmt,west,1
ippe,south,1
iprf,midwest,1
ipwh,west,1
ipxv,south,1
ipye,midwest,1
ipyx,northeast,1
iqar,midwest,1
iqbh,midwest,1
iqhq,midwest,1
iqiu,south,1
iqma,midwest,1
iqrd,west,1
iqrl,west,1
iqrn,south,1
iqss,northeast,1
iqtf,west,1
iquw,south,1
iqvo,south,1
iqyr,northeast,1
irqz,south,1
iryk,midwest,1
irzf,south,1
isdf,west,1
isdu,west,1
isiz,west,1
isjk,west,1
isne,west,1
isop,west,1
ispd,west,1
isrc,west,1
ista,northeast,1
istp,midwest,1
iswm,northeast,1
isxw,south,1
itfz,northeast,1
itgu,west,1
ithv,northeast,1
itnv,west,1
itrs,south,1
itui,south,1
itwa,south,1
iudx,south,1
iugs,west,1
iugu,south,1
iuhx,west,1
iunk,west,1
iuog,midwest,1
iura,west,1
iurn,south,1
iutj,west,1
iuur,west,1
iuxg,west,1
iuxi,midwest,1
iuzp,west,1
ivfl,midwest,1
ivka,midwest,1
ivko,midwest,1
ivlm,midwest,1
ivqa,west,1
ivqw,midwest,1
ivtr,west,1
ivtx,west,1
ivuq,south,1
ivwm,midwest,1
ivyg,west,1
ivyj,west,1
iwaq,south,1
iwbd,west,1
iwbw,northeast,1
iwck,south,1
iwix,west,1
iwlu,northeast,1
iwpo,midwest,1
iwqc,midwest,1
iwst,south,1
iwsx,south,1
iwtp,west,1
iwva,midwest,1
ixgw,west,1
ixjg,midwest,1
ixpo,south,1
ixtb,west,1
ixtz,midwest,1
ixug,west,1
ixyw,midwest,1
iybw,northeast,1
iyed,northeast,1
iygi,midwest,1
iyiy,midwest,1
iynz,northeast,1
iyoc,midwest,1
iyod,west,1
iyry,west,1
iyte,midwest,1
iywx,west,1
izds,south,1
izie,west,1
izii,west,1
izjt,west,1
izlq,midwest,1
iznw,midwest,1
izqt,west,1
izyv,midwest,1
jadm,west,1
jaea,northeast,1
jaev,west,1
janf,midwest,1
jape,west,1
jarf,west,1
jasn,midwest,1
jawb,west,1
jbae,west,1
jbbs,northeast,1
jbec,midwest,1
jbny,south,1
jbqz,west,1
jbrq,west,1
jbxj,west,1
jbxq,south,1
jbxu,south,1
jbza,west,1
jcar,south,1
jchw,west,1
jcir,west,1
jcjd,south,1
jcmp,northeast,1
jcuf,south,1
jcup,northeast,1
jcvj,west,1
jcwj,south,1
jcxe,midwest,1
jdbm,midwest,1
jdgw,midwest,1
jdjb,west,1
jdkc,midwest,1
jdlw,west,1
jdpz,south,1
jdse,west,1
jdtr,midwest,1
jdwc,northeast,1
jeal,midwest,1
jebi,west,1
jehe,south,1
jelc,south,1
jels,west,1
jeuk,west,1
jeva,northeast,1
jewp,west,1
jexn,midwest,1
jexq,midwest,1
jeza,west,1
jfch,south,1
jfcv,west,1
jfdu,midwest,1
jffm,south,1
jfik,northeast,1
jflt,west,1
jfpp,west,1
jfuh,northeast,1
jfwo,west,1
jfys,west,1
jgau,south,1
jgay,south,1
jgfc,south,1
jgfl,midwest,1
jgjc,south,1
jgvc,northeast,1
jgyy,west,1
jhee,west,1
jhel,northeast,1
jhhr,west,1
jhiz,midwest,1
jhjr,midwest,1
jhku,south,1
jhne,south,1
jhoy,midwest,1
jhqm,west,1
jhsk,northeast,1
jhsx,west,1
jhvn,midwest,1
jiay,west,1
jibj,midwest,1
jibo,south,1
jifn,south,1
jilc,west,1
jimc,west,1
jiru,west,1
jitg,west,1
jitn,south,1
jiye,west,1
jjba,northeast,1
jjbb,west,1
jjde,midwest,1
jjdl,northeast,1
jjfu,northeast,1
jjod,midwest,1
jjqe,south,1
jjwd,west,1
jjxk,midwest,1
jjyp,northeast,1
jkgk,midwest,1
jkke,west,1
jkkv,midwest,1
jkmj,south,1
jkpb,northeast,1
jkpg,northeast,1
jkqr,midwest,1
jkqs,midwest,1
jkqx,west,1
jkse,south,1
jktl,midwest,1
jldu,west,1
jlfj,west,1
jlfr,northeast,1
jljw,midwest,1
jlmu,west,1
jloc,west,1
jlrw,south,1
jmbl,midwest,1
jmcw,west,1
jmgw,midwest,1
jmlw,west,1
jmmb,west,1
jmnk,west,1
jmvn,northeast,1
jmvw,south,1
jmwo,south,1
jmyp,northeast,1
jneb,west,1
jned,west,1
jnlr,northeast,1
jnpm,west,1
jnxb,south,1
joeh,south,1
joxb,south,1
jozo,south,1
jpcg,south,1
jpck,midwest,1
jpee,west,1
jpjb,west,1
jpke,midwest,1
jpkr,midwest,1
jpox,south,1
jpso,west,1
jqib,midwest,1
jqmm,south,1
jqpb,south,1
jrcl,south,1
jrmj,west,1
jrmx,midwest,1
jrtg,northeast,1
jrti,midwest,1
jrud,northeast,1
jrwa,midwest,1
jrwb,west,1
jryu,west,1
jrzp,midwest,1
jspa,midwest,1
jsqn,south,1
jsrr,midwest,1
jssj,south,1
jsvp,west,1
jteg,northeast,1
jtfo,west,1
jtid,south,1
jtie,south,1
jtpm,west,1
jtqp,west,1
jtrf,south,1
jtsb,south,1
jtuj,midwest,1
jubw,midwest,1
juey,south,1
juie,south,1
juja,midwest,1
jujp,northeast,1
jumx,west,1
juny,west,1
jurd,south,1
juse,west,1
jusz,south,1
juwq,northeast,1
juxl,midwest,1
juyx,west,1
juzb,midwest,1
jved,midwest,1
jvgu,northeast,1
jvir,west,1
jvjf,northeast,1
jvlr,northeast,1
jvmz,south,1
jvra,northeast,1
jvru,midwest,1
jvsb,west,1
jvuv,west,1
jvws,midwest,1
jvwt,midwest,1
jwbg,northeast,1
jwcq,south,1
jwlj,west,1
jwnz,west,1
jwru,midwest,1
jwsu,west,1
jwta,west,1
jwwc,south,1
jwzk,midwest,1
jxaf,west,1
jxai,midwest,1
jxhi,west,1
jxld,west,1
jxqx,west,1
jxti,northeast,1
jxtp,west,1
jxuk,midwest,1
jxvt,midwest,1
jxxe,south,1
jxxs,south,1
jxyt,south,1
jxyv,south,1
jygb,south,1
jyiy,west,1
jylh,west,1
jylk,west,1
jysf,south,1
jytd,midwest,1
jytf,west,1
jyuj,south,1
jyyk,south,1
jzbm,west,1
jzdw,midwest,1
jzhh,midwest,1
jziy,west,1
jzny,west,1
jzoj,midwest,1
jzov,midwest,1
jzpc,west,1
jzqb,west,1
jzqe,midwest,1
jzqp,northeast,1
jztb,west,1
jzwj,west,1
jzwv,midwest,1
kabj,west,1
kacu,midwest,1
kacx,south,1
kaga,midwest,1
kags,northeast,1
kalj,south,1
kals,midwest,1
kanj,west,1
kaou,midwest,1
karn,west,1
kayb,west,1
kbbd,west,1
kbbn,midwest,1
kbjj,south,1
kbmm,west,1
kbni,west,1
kbtg,west,1
kbvh,midwest,1
kbzh,south,1
kcbk,west,1
kcdc,south,1
kcpi,midwest,1
kcpr,west,1
kcso,northeast,1
kcvp,midwest,1
kcwg,west,1
kcxo,west,1
kdbm,south,1
kdgp,midwest,1
kdms,west,1
kdtk,northeast,1
kdvk,south,1
keew,west,1
kekm,west,1
kepk,midwest,1
kepn,south,1
kerr,midwest,1
keuf,midwest,1
keuk,midwest,1
keyj,west,1
kfau,midwest,1
kffj,south,1
kfgj,south,1
kfhw,south,1
kftf,south,1
kfvc,west,1
kfxr,west,1
kfyx,midwest,1
kfzv,west,1
kgak,northeast,1
kgbz,northeast,1
kghb,west,1
kglj,south,1
kgry,south,1
kgsq,west,1
kgwp,south,1
kgzi,midwest,1
khaw,west,1
khea,west,1
kheb,midwest,1
khfp,south,1
khik,midwest,1
khil,west,1
khio,west,1
khro,west,1
khsf,midwest,1
khsw,midwest,1
khwb,south,1
khwf,northeast,1
khwr,northeast,1
khyt,south,1
kiaz,northeast,1
kidl,south,1
kieh,south,1
kifk,south,1
kigv,west,1
kijm,west,1
kiow,midwest,1
kiwa,south,1
kiwt,northeast,1
kixi,west,1
kjaj,south,1
kjdd,midwest,1
kjdo,midwest,1
kjex,west,1
kjhd,west,1
kjom,midwest,1
kjpt,west,1
kjub,south,1
kjue,midwest,1
kjwd,midwest,1
kjxj,west,1
kjxu,south,1
kjyh,south,1
kkdw,northeast,1
kkho,northeast,1
kklm,south,1
kklt,northeast,1
kkmx,west,1
kkpy,west,1
kkqv,south,1
kktt,south,1
kkvw,west,1
klar,south,1
klce,midwest,1
klcf,west,1
klcz,west,1
klgz,south,1
klia,west,1
kljn,midwest,1
kljq,west,1
klol,south,1
klpy,west,1
klsq,south,1
klvr,midwest,1
klwy,midwest,1
klxp,midwest,1
kmbe,midwest,1
kmev,midwest,1
kmhi,west,1
kmhq,northeast,1
kmjr,northeast,1
kmju,midwest,1
kmlg,west,1
kmqb,northeast,1
kmqq,west,1
kmuf,northeast,1
kmup,south,1
kmzg,south,1
knbp,northeast,1
kndk,midwest,1
knes,south,1
knlq,south,1
knob,northeast,1
knsy,midwest,1
knvh,west,1
knwr,west,1
koah,northeast,1
koeq,west,1
kojm,west,1
kotm,northeast,1
kozi,west,1
kpdf,midwest,1
kpgm,northeast,1
kpje,south,1
kpml,midwest,1
kpoa,west,1
kpop,northeast,1
kpum,northeast,1
kpvu,south,1
kpxk,west,1
kpyh,northeast,1
kpzp,midwest,1
kqdn,midwest,1
kqeo,northeast,1
kqey,west,1
kqgj,west,1
kqjc,south,1
kqlm,south,1
kqlp,midwest,1
kqmw,west,1
kqpm,northeast,1
kqpn,northeast,1
kqtr,northeast,1
kqvl,northeast,1
kqyg,northeast,1
krdm,west,1
kret,south,1
krgf,midwest,1
krhk,midwest,1
krjf,south,1
krlk,northeast,1
kroy,northeast,1
krpp,west,1
krsx,west,1
krts,west,1
krwa,northeast,1
krwb,south,1
krzv,northeast,1
ksbu,west,1
ksda,midwest,1
kseo,south,1
ksgr,midwest,1
kshb,south,1
ksuz,northeast,1
ktbf,west,1
ktdy,south,1
ktem,west,1
ktgw,midwest,1
kthh,northeast,1
ktjb,midwest,1
ktje,west,1
ktjg,midwest,1
ktqe,midwest,1
ktsx,midwest,1
kttr,south,1
ktwp,west,1
ktzr,midwest,1
kuan,south,1
kubi,northeast,1
kudc,south,1
kuhp,midwest,1
kupz,northeast,1
kuri,west,1
kusk,south,1
kusu,west,1
kuvc,south,1
kuwa,south,1
kuyf,northeast,1
kvag,south,1
kvbn,midwest,1
kvbw,northeast,1
kvge,midwest,1
kvgj,midwest,1
kvim,west,1
kvln,midwest,1
kvmk,west,1
kvot,south,1
kvpk,west,1
kvsn,west,1
kvuk,west,1
kvwz,south,1
kvxx,midwest,1
kwdn,south,1
kwga,midwest,1
kwju,midwest,1
kwmc,west,1
kwoa,northeast,1
kwop,west,1
kwpq,south,1
kwqa,midwest,1
kwtx,south,1
kwuw,south,1
kwxv,midwest,1
kxex,south,1
kxip,midwest,1
kxja,west,1
kxka,south,1
kxks,west,1
kxli,west,1
kxmn,west,1
kxop,midwest,1
kxot,south,1
kxpk,south,1
kxpu,midwest,1
kxrg,west,1
kxtx,midwest,1
kxwm,west,1
kxxw,west,1
kxyl,midwest,1
kxzc,south,1
kxze,south,1
kydw,midwest,1
kyhy,midwest,1
kyin,northeast,1
kyjg,west,1
kyzi,midwest,1
kzag,west,1
kzcx,midwest,1
kzhm,midwest,1
kzli,south,1
kzvi,midwest,1
kzwf,west,1
kzyq,west,1
laeu,west,1
lamn,south,1
lany,midwest,1
laos,midwest,1
laqd,west,1
laqv,midwest,1
lawo,west,1
lbdc,west,1
lbha,west,1
lbps,west,1
lbsg,midwest,1
lbta,south,1
lbur,west,1
lbve,west,1
lbyk,west,1
lbzg,midwest,1
lcdz,northeast,1
lcfo,midwest,1
lcji,midwest,1
lcnh,northeast,1
lcns,west,1
lctc,west,1
lcue,west,1
lcvs,northeast,1
lcws,midwest,1
ldaz,midwest,1
ldcj,south,1
lddu,south,1
ldfj,west,1
ldku,west,1
ldmk,northeast,1
ldoj,west,1
ldqc,south,1
ldsj,northeast,1
ldux,midwest,1
lefe,south,1
legb,midwest,1
lehg,south,1
leiw,south,1
leja,south,1
lejd,south,1
lekl,west,1
lell,midwest,1
lemc,south,1
lens,northeast,1
lesr,midwest,1
lfcs,northeast,1
lfdz,midwest,1
lfee,west,1
lfij,midwest,1
lfjg,northeast,1
lfjk,west,1
lfms,midwest,1
lfpy,south,1
lfsa,midwest,1
lfvx,south,1
lfym,midwest,1
lgax,northeast,1
lgdi,west,1
lgfm,west,1
lggi,west,1
lghp,south,1
lgkd,south,1
lgpj,west,1
lgrd,midwest,1
lgrx,west,1
lgsz,west,1
lgtn,west,1
lguc,northeast,1
lgxr,midwest,1
lgyz,midwest,1
lhaa,west,1
lhnd,midwest,1
lhvs,west,1
lhwj,west,1
lhyo,west,1
liaf,midwest,1
lial,south,1
libw,west,1
lidy,west,1
liim,midwest,1
lijx,west,1
liov,south,1
lipb,west,1
litr,midwest,1
liuq,west,1
liuy,west,1
liwa,midwest,1
lixk,west,1
liyf,midwest,1
liza,south,1
lizk,midwest,1
ljep,northeast,1
ljjv,south,1
ljkn,west,1
ljln,west,1
ljnu,midwest,1
ljpg,northeast,1
ljwq,west,1
ljwx,west,1
lkax,northeast,1
lkcy,northeast,1
lken,south,1
lkjv,south,1
lkkx,south,1
lkmh,midwest,1
lkou,south,1
lkpf,northeast,1
lkqe,midwest,1
lkst,west,1
lkut,west,1
lkwa,west,1
lkxw,west,1
lkyc,south,1
lkyh,midwest,1
llat,west,1
llfy,south,1
llht,south,1
llll,west,1
llnt,west,1
llpa,west,1
llux,south,1
llyy,midwest,1
llzq,midwest,1
lmce,west,1
lmdg,midwest,1
lmht,northeast,1
lmss,midwest,1
lmwl,west,1
lmyk,west,1
lnag,west,1
lnbf,south,1
lnye,west,1
lnzt,midwest,1
lojq,midwest,1
lolp,northeast,1
looe,northeast,1
loog,northeast,1
lowl,west,1
loxk,west,1
loxz,west,1
lpae,west,1
lpbs,west,1
lpcb,south,1
lpej,northeast,1
lpfx,south,1
lphi,west,1
lpkx,midwest,1
lpli,west,1
lpnx,northeast,1
lptk,south,1
lqat,northeast,1
lqix,west,1
lqjh,west,1
lqvu,west,1
lqws,south,1
lram,northeast,1
lrbq,northeast,1
lrjv,west,1
lrku,midwest,1
lrnb,south,1
lrpk,south,1
lrts,northeast,1
lrug,midwest,1
lrui,northeast,1
lrux,midwest,1
lrxz,northeast,1
lryt,midwest,1
lrzg,west,1
lsbi,midwest,1
lsbm,northeast,1
lscn,northeast,1
lsdv,south,1
lsdw,northeast,1
lsil,west,1
lsjo,northeast,1
lskd,west,1
lskz,west,1
lsld,midwest,1
lspk,midwest,1
lsrh,south,1
lsro,west,1
lsvn,west,1
lsvo,midwest,1
lsxe,west,1
ltdb,midwest,1
ltdj,northeast,1
ltjy,midwest,1
ltla,midwest,1
ltlv,south,1
ltpe,south,1
ltqc,midwest,1
ltvd,northeast,1
ltyr,west,1
lubh,west,1
lubv,northeast,1
lucz,south,1
lulc,west,1
luln,midwest,1
lums,midwest,1
luni,west,1
lunq,west,1
luot,west,1
lupn,northeast,1
luvv,west,1
luxv,west,1
luyi,midwest,1
luzc,west,1
lvbr,northeast,1
lvhg,west,1
lvhr,midwest,1
lvla,west,1
lvlm,south,1
lvmd,west,1
lvmj,midwest,1
lvsk,northeast,1
lvsn,west,1
lvyc,south,1
lvzh,west,1
lvzj,west,1
lwar,west,1
lwlq,midwest,1
lwmk,midwest,1
lwrq,midwest,1
lwss,west,1
lwtq,west,1
lwwk,south,1
lwyk,west,1
lwzc,midwest,1
lxaa,west,1
lxbk,midwest,1
lxgt,northeast,1
lxhx,west,1
lxih,west,1
lxrc,midwest,1
lybm,northeast,1
lyms,midwest,1
lynr,midwest,1
lytg,west,1
lyth,south,1
lywv,south,1
lyxx,northeast,1
lyzx,midwest,1
lzjj,west,1
lzmu,midwest,1
lzpn,west,1
lzsb,northeast,1
lzso,northeast,1
lztj,west,1
lzus,west,1
lzvy,south,1
lzyy,west,1
lzzj,midwest,1
lzzr,midwest,1
lzzv,south,1
mafg,south,1
mafi,south,1
main,northeast,1
mald,south,1
maln,south,1
mans,northeast,1
mare,midwest,1
mass,west,1
mauk,northeast,1
mazv,south,1
mbag,northeast,1
mbav,midwest,1
mbcl,midwest,1
mbjr,west,1
mbts,south,1
mbvw,south,1
mbwb,midwest,1
mbwi,midwest,1
mbyk,west,1
mcat,northeast,1
mcax,west,1
mcfi,south,1
mcgq,west,1
mcln,west,1
mcng,midwest,1
mcqt,west,1
mcru,south,1
mcsz,northeast,1
mcwh,west,1
mcxk,west,1
mcys,west,1
mddn,west,1
mddv,south,1
mdiu,northeast,1
mdrd,west,1
mebl,south,1
meed,midwest,1
mego,south,1
meix,south,1
melg,midwest,1
meno,south,1
mepn,south,1
meww,south,1
mfdw,midwest,1
mfeh,west,1
mffn,midwest,1
mfhz,northeast,1
mfjv,south,1
mfmp,west,1
mfoe,west,1
mfou,west,1
mfpb,south,1
mfqj,west,1
mfsk,midwest,1
mfwi,south,1
mgaz,midwest,1
mgca,midwest,1
mgdp,south,1
mgem,west,1
mgfo,west,1
mghq,northeast,1
mgme,midwest,1
mgoc,midwest,1
mgow,midwest,1
mgwj,west,1
mgzn,west,1
mhce,south,1
mhcq,northeast,1
mhdy,midwest,1
mhgr,northeast,1
mhis,west,1
mhlv,midwest,1
mhnc,west,1
mhrg,south,1
mhsa,midwest,1
mhtr,northeast,1
mhwr,south,1
mhzo,midwest,1
miba,midwest,1
midv,northeast,1
migj,midwest,1
mily,northeast,1
miqg,midwest,1
miqv,west,1
miri,west,1
mivd,west,1
mjax,west,1
mjea,northeast,1
mjfx,west,1
mjgr,west,1
mjha,midwest,1
mjka,west,1
mjlb,northeast,1
mjrc,south,1
mjru,south,1
mjsl,south,1
mjwa,midwest,1
mjwp,west,1
mjyu,west,1
mjzu,west,1
mkdl,northeast,1
mkdt,west,1
mkff,south,1
mkhs,west,1
mkiz,west,1
mkjl,south,1
mkjw,west,1
mkoy,west,1
mktd,northeast,1
mktm,midwest,1
mkwg,west,1
mkwj,midwest,1
mlfw,south,1
mlju,west,1
mllq,midwest,1
mloy,west,1
mlta,west,1
mlud,west,1
mlyx,south,1
mlzh,northeast,1
mmam,midwest,1
mmbj,west,1
mmbo,west,1
mmfc,west,1
mmhj,northeast,1
mmig,south,1
mmmn,west,1
mmom,south,1
mmxv,west,1
mmyh,south,1
mmyx,south,1
mnfz,midwest,1
mnhi,midwest,1
mnpc,northeast,1
mnph,midwest,1
mnrq,west,1
mnrx,west,1
mnuj,south,1
mnwx,midwest,1
moak,south,1
mofh,south,1
mogw,northeast,1
mojg,midwest,1
moky,west,1
more,midwest,1
morf,west,1
motj,south,1
mous,northeast,1
mowi,west,1
moxh,south,1
mpbd,midwest,1
mpgh,northeast,1
mpia,northeast,1
mpjg,west,1
mpjs,west,1
mplg,northeast,1
mpln,south,1
mpnx,west,1
mpsd,northeast,1
mptm,west,1
mpur,midwest,1
mpxk,west,1
mqcl,midwest,1
mqhh,south,1
mqiz,midwest,1
mqpa,west,1
mqtu,west,1
mqwc,west,1
mqwu,midwest,1
mran,northeast,1
mrex,northeast,1
mrhs,south,1
mrkg,midwest,1
mrlh,west,1
mrpn,west,1
mrqd,south,1
mrsp,northeast,1
mrvg,west,1
mrxk,northeast,1
msbw,midwest,1
msdk,northeast,1
msjt,west,1
msnz,south,1
mson,west,1
msrs,west,1
mswg,south,1
msxe,south,1
mszw,west,1
mtei,west,1
mtmy,midwest,1
mtpk,northeast,1
mtqr,midwest,1
mtrz,northeast,1
mttg,west,1
mtvc,west,1
mtwt,west,1
mucz,south,1
mufo,west,1
muin,west,1
mujc,south,1
mulh,west,1
muly,midwest,1
murf,south,1
mvcr,west,1
mvdi,west,1
mvex,south,1
mvjx,west,1
mvlc,west,1
mvme,south,1
mvpm,midwest,1
mvps,west,1
mvqy,midwest,1
mvsw,west,1
mvta,midwest,1
mvuy,south,1
mvwi,south,1
mvxb,midwest,1
mvxt,west,1
mwar,west,1
mwcc,west,1
mwct,northeast,1
mwjc,west,1
mwnz,south,1
mwou,west,1
mwqt,west,1
mwxb,west,1
mwyx,midwest,1
mwzl,midwest,1
mxaj,midwest,1
mxau,midwest,1
mxfd,south,1
mxga,west,1
mxjp,south,1
mxlw,south,1
mxmu,west,1
mxon,midwest,1
mxoz,west,1
mxpe,midwest,1
mxqo,west,1
mxqt,west,1
mxyu,west,1
mxzg,west,1
myeq,west,1
myjt,west,1
myla,south,1
myma,west,1
myqa,south,1
myrs,west,1
mytq,midwest,1
mywg,west,1
mzcg,midwest,1
mzey,south,1
mzjr,west,1
mzkw,south,1
mzos,south,1
mzqi,northeast,1
mztb,west,1
nacj,south,1
naft,west,1
nalt,west,1
nand,midwest,1
nare,south,1
nasc,west,1
nato,midwest,1
natu,midwest,1
navp,midwest,1
naxh,west,1
naxn,midwest,1
nayv,west,1
nbdf,south,1
nbfj,south,1
nbho,west,1
nbis,south,1
nbml,west,1
nbpz,south,1
nbxf,south,1
ncav,northeast,1
ncbq,northeast,1
ncgh,midwest,1
ncme,south,1
ncog,midwest,1
ncpc,south,1
ncqr,south,1
ncsw,south,1
ncxp,midwest,1
ndat,west,1
ndbf,midwest,1
nddo,west,1
ndgd,northeast,1
ndmi,midwest,1
ndop,south,1
ndps,midwest,1
ndsp,northeast,1
ndsv,midwest,1
ndwi,west,1
ndzc,northeast,1
ndze,south,1
necn,west,1
nehc,south,1
nejc,northeast,1
neow,west,1
neyx,midwest,1
nfds,midwest,1
nfhk,northeast,1
nfjf,west,1
nfsl,west,1
nfww,south,1
nfyo,south,1
ngav,midwest,1
nggz,south,1
ngnu,south,1
ngts,midwest,1
ngzi,west,1
nhaf,south,1
nhaq,south,1
nhca,south,1
nhdx,west,1
nhfy,midwest,1
nhim,south,1
nhjm,northeast,1
nhns,midwest,1
nhpg,west,1
nhpr,midwest,1
nhsu,west,1
nhtf,south,1
nhwc,west,1
nhzo,west,1
nidj,west,1
niei,west,1
nihd,midwest,1
nima,northeast,1
niwj,west,1
njcz,south,1
njek,midwest,1
njjt,south,1
njkx,west,1
njqh,south,1
njvf,west,1
njyp,south,1
njzy,south,1
nkbu,west,1
nkck,south,1
nkfu,west,1
nkfz,northeast,1
nkhz,midwest,1
nkly,south,1
nkmm,west,1
nkqg,west,1
nkrs,south,1
nkup,west,1
nkwb,south,1
nkzs,northeast,1
nkzu,midwest,1
nlbh,midwest,1
nlbw,west,1
nlck,northeast,1
nldv,south,1
nlgg,west,1
nlgi,northeast,1
nlkj,south,1
nlnw,midwest,1
nlyw,northeast,1
nmdb,south,1
nmed,midwest,1
nmen,west,1
nmhl,midwest,1
nmhz,south,1
nmle,northeast,1
nmnf,west,1
nmnj,south,1
nmth,midwest,1
nmvp,south,1
nmwh,midwest,1
nmwm,midwest,1
nmyb,south,1
nnkh,west,1
nnlq,midwest,1
nnnn,west,1
nnxi,west,1
nnyv,northeast,1
nobb,west,1
nobw,west,1
nodx,northeast,1
noeo,west,1
noew,west,1
nohz,west,1
nolv,west,1
nphn,midwest,1
npkp,west,1
nplb,west,1
npma,south,1
npnl,west,1
npoy,midwest,1
npqw,south,1
npua,northeast,1
npvl,west,1
npvt,west,1
npzy,west,1
nqaj,midwest,1
nqeb,midwest,1
nqgl,west,1
nqks,west,1
nqmo,south,1
nqnz,midwest,1
nqsu,northeast,1
nquk,south,1
nqwk,west,1
nrbt,south,1
nrbv,south,1
nrhn,northeast,1
nrkt,west,1
nsao,west,1
nsau,midwest,1
nsbu,west,1
nsll,midwest,1
nsmd,south,1
nsml,west,1
nsoi,west,1
nssy,midwest,1
nswj,northeast,1
nsxn,south,1
nsys,west,1
nsyx,northeast,1
nteq,south,1
ntml,west,1
nttf,west,1
ntuk,northeast,1
ntwr,west,1
ntxg,midwest,1
ntxh,south,1
ntyp,west,1
nuas,midwest,1
nufp,south,1
nufw,west,1
nufz,west,1
nugc,northeast,1
nujd,midwest,1
numo,south,1
nune,west,1
nung,midwest,1
nuno,midwest,1
nutu,south,1
nuyd,northeast,1
nuyt,northeast,1
nved,west,1
nvet,northeast,1
nvjp,south,1
nvma,midwest,1
nvml,west,1
nvnk,northeast,1
nvoz,south,1
nvra,midwest,1
nvuc,midwest,1
nvuq,midwest,1
nvvb,northeast,1
nvys,south,1
nvzs,west,1
nwct,west,1
nwcu,west,1
nwex,west,1
nwfr,west,1
nwgh,northeast,1
nwhh,northeast,1
nwhq,south,1
nwjg,west,1
nwne,south,1
nwnk,south,1
nwnr,west,1
nwvn,midwest,1
nwxe,midwest,1
nxfq,west,1
nxkn,west,1
nxnf,west,1
nxog,west,1
nxud,west,1
nxvu,midwest,1
nxwx,midwest,1
nxyn,west,1
nyev,northeast,1
nyfk,midwest,1
nyhc,west,1
nyog,west,1
nyte,south,1
nyul,south,1
nyyw,northeast,1
nzdw,west,1
nzgu,south,1
nziv,midwest,1
nzkm,west,1
nzlc,midwest,1
nzmm,south,1
nzox,midwest,1
nzpb,west,1
nzqt,west,1
nzum,midwest,1
nzxl,northeast,1
oahi,west,1
oald,west,1
oams,west,1
oapg,west,1
oapo,midwest,1
oasf,midwest,1
oasj,south,1
oata,west,1
oawg,midwest,1
oayg,midwest,1
oayh,south,1
obje,west,1
oblc,midwest,1
obli,northeast,1
obqf,midwest,1
obuy,northeast,1
obzh,midwest,1
obzw,west,1
ocde,west,1
ocfp,west,1
ocgc,west,1
ocgn,northeast,1
ocrb,midwest,1
ocrf,west,1
ocrn,west,1
ocuu,south,1
ocyx,midwest,1
odbs,south,1
odbw,midwest,1
odfa,west,1
odhy,midwest,1
odic,west,1
odju,south,1
odkk,midwest,1
odlr,northeast,1
odqr,northeast,1
odwj,midwest,1
odxg,south,1
oecb,south,1
oecm,south,1
oedl,west,1
oeeh,northeast,1
oena,south,1
oeob,south,1
oesl,west,1
oetx,midwest,1
oeyk,northeast,1
ofab,midwest,1
ofcn,northeast,1
ofec,west,1
ofev,northeast,1
ofhg,west,1
ofhh,south,1
ofho,west,1
ofjh,northeast,1
ofln,northeast,1
oflz,west,1
ofmz,west,1
ofot,northeast,1
ofqj,south,1
ofrq,midwest,1
ogbv,south,1
oglt,west,1
ogly,northeast,1
ogoa,northeast,1
ogol,south,1
ogot,northeast,1
ogox,south,1
oguh,midwest,1
ogut,south,1
oguy,west,1
ogvu,midwest,1
ogwv,west,1
ogye,south,1
ogzp,northeast,1
ohas,northeast,1
ohil,west,1
ohiv,south,1
ohlo,west,1
ohlw,west,1
ohpj,northeast,1
ohvd,south,1
ohvy,west,1
ohwc,midwest,1
ohyj,midwest,1
oiad,south,1
oiay,south,1
oibv,south,1
oico,northeast,1
oidz,south,1
oifc,west,1
oiig,west,1
oijl,northeast,1
oikg,west,1
oint,south,1
oiom,midwest,1
oiuz,midwest,1
oiyi,midwest,1
ojau,south,1
ojcf,south,1
ojdv,west,1
ojmh,west,1
ojqg,midwest,1
ojsc,west,1
ojwg,west,1
okbg,west,1
okhm,south,1
okht,west,1
okxk,midwest,1
okzx,south,1
olcd,midwest,1
oldn,west,1
olgy,south,1
olic,south,1
oljv,south,1
olks,south,1
olmh,midwest,1
olnt,south,1
oltc,northeast,1
oluc,south,1
oluu,midwest,1
olvx,midwest,1
olwp,northeast,1
olxy,south,1
ombc,west,1
omev,midwest,1
omib,west,1
omkk,west,1
omks,midwest,1
ommd,midwest,1
omms,midwest,1
omnc,northeast,1
omnl,midwest,1
omth,northeast,1
omvz,midwest,1
omxi,west,1
omzm,midwest,1
onbm,northeast,1
onbx,northeast,1
oncj,midwest,1
ongm,midwest,1
onij,northeast,1
onka,midwest,1
onli,south,1
onoe,northeast,1
onov,midwest,1
onul,northeast,1
onvh,south,1
onzv,west,1
ooah,west,1
ooei,west,1
oofn,south,1
oohk,west,1
ooin,west,1
ooka,west,1
oome,midwest,1
oomm,south,1
oono,northeast,1
ooqe,south,1
ooxs,northeast,1
opdc,midwest,1
opdl,midwest,1
ophg,west,1
ophy,west,1
opjt,west,1
opmw,west,1
opvk,west,1
opxd,midwest,1
oqfj,south,1
oqhk,northeast,1
oqjq,west,1
oqmy,south,1
oqpx,west,1
oqqn,northeast,1
oqxi,midwest,1
oqzt,south,1
orgt,south,1
orjb,midwest,1
orjq,south,1
orkw,south,1
orlg,south,1
orme,west,1
orrj,northeast,1
orto,west,1
oruc,south,1
orvy,midwest,1
orza,midwest,1
osci,northeast,1
osfg,west,1
osgk,midwest,1
osgw,northeast,1
osit,west,1
osja,midwest,1
oskr,west,1
osmc,south,1
osmn,south,1
osmq,south,1
osqu,northeast,1
osxi,northeast,1
osxp,northeast,1
osxr,south,1
osye,northeast,1
oszl,south,1
otdh,south,1
otdu,west,1
otgn,west,1
otgw,west,1
otke,northeast,1
otzl,south,1
ousq,midwest,1
ouuh,northeast,1
ouvs,midwest,1
ouyc,northeast,1
ovbu,northeast,1
ovdm,west,1
oved,west,1
ovgd,west,1
ovja,west,1
ovtk,west,1
ovvi,midwest,1
ovzd,midwest,1
owgw,south,1
owlv,south,1
ownu,west,1
owsq,south,1
owuf,west,1
owwh,midwest,1
owwq,south,1
owya,west,1
oxcs,south,1
oxdj,south,1
oxfp,northeast,1
oxge,northeast,1
oxha,south,1
oxiq,west,1
oxji,west,1
oycg,west,1
oyga,midwest,1
oymj,midwest,1
oyrr,midwest,1
oyst,west,1
oyth,south,1
oytm,northeast,1
oyuj,west,1
ozcb,south,1
ozdh,midwest,1
ozir,west,1
ozjl,midwest,1
ozoy,midwest,1
ozps,south,1
ozqs,west,1
ozsk,midwest,1
ozst,west,1
ozxm,west,1
ozyx,west,1
paaq,west,1
pacu,midwest,1
paez,northeast,1
pagi,west,1
pajm,south,1
pajv,west,1
pala,northeast,1
paln,south,1
pamd,south,1
paqv,west,1
paud,south,1
pawk,south,1
paxd,northeast,1
payu,west,1
pbau,northeast,1
pbeg,south,1
pbnt,south,1
pbpm,midwest,1
pbwr,west,1
pcht,west,1
pcmf,west,1
pcmx,west,1
pcpa,south,1
pcqd,west,1
pcqi,west,1
pcvn,south,1
pcyj,south,1
pcyq,west,1
pdbx,northeast,1
pdht,northeast,1
pdnc,west,1
pdpm,northeast,1
pdsj,south,1
pdsv,west,1
pdww,west,1
pdxt,south,1
pefq,northeast,1
pehi,northeast,1
pekm,west,1
perc,west,1
pevm,west,1
pews,northeast,1
pexf,south,1
pezc,midwest,1
pfad,south,1
pfak,west,1
pfdz,west,1
pfgm,midwest,1
pfjo,west,1
pfnt,west,1
pfog,northeast,1
pfop,west,1
pfpv,west,1
pfqu,west,1
pfte,midwest,1
pfth,south,1
pfye,west,1
pfyo,west,1
pgbc,west,1
pgbo,west,1
pgdx,south,1
pgho,west,1
pgne,south,1
pgrk,south,1
pgro,west,1
pgsf,west,1
pgvb,midwest,1
pgwz,midwest,1
pgzq,midwest,1
phbk,west,1
phej,west,1
phia,midwest,1
phjo,west,1
phoe,midwest,1
phoh,south,1
phvp,south,1
phwx,northeast,1
pidq,west,1
pifb,west,1
pihf,west,1
pihn,west,1
piqv,west,1
pisw,west,1
pivi,northeast,1
pivz,west,1
pjii,northeast,1
pjkd,west,1
pjso,south,1
pjxb,west,1
pjxk,west,1
pkag,northeast,1
pkfy,west,1
pkhf,midwest,1
pknm,west,1
pkob,midwest,1
pkph,west,1
pkqm,northeast,1
pkrg,west,1
pksk,midwest,1
pksm,west,1
pkuu,west,1
pkvk,midwest,1
pkwa,midwest,1
plbx,northeast,1
pldi,northeast,1
pldn,west,1
plgt,midwest,1
plhd,midwest,1
plnb,west,1
plry,midwest,1
pmaq,west,1
pmav,west,1
pmdl,northeast,1
pmej,west,1
pmnc,west,1
pmpq,south,1
pmrs,west,1
pmuv,west,1
pmxl,west,1
pnbe,south,1
pnin,northeast,1
pnja,south,1
pnkv,west,1
pnmn,west,1
pnqn,west,1
pnun,midwest,1
pnvi,northeast,1
pnvy,south,1
pnxh,south,1
pnxk,west,1
pnxu,midwest,1
podg,west,1
podj,west,1
pogt,northeast,1
pohw,midwest,1
poin,midwest,1
pojf,south,1
pojq,west,1
polr,south,1
pooh,west,1
pouz,south,1
povb,midwest,1
ppcs,west,1
ppda,west,1
ppek,south,1
ppip,south,1
ppoh,west,1
ppuv,west,1
ppzz,west,1
pqdk,south,1
pqes,south,1
pqgv,south,1
pqkr,midwest,1
pqlm,west,1
pqqt,midwest,1
pqsg,west,1
pqun,west,1
pqux,south,1
pqxp,south,1
prcs,west,1
prev,west,1
prfi,west,1
prfk,northeast,1
prgi,south,1
prhh,northeast,1
prhk,west,1
prig,south,1
prke,northeast,1
prlf,west,1
prpz,west,1
prrq,west,1
prux,northeast,1
pscb,west,1
psco,midwest,1
psdt,northeast,1
psdy,west,1
psil,west,1
psiz,west,1
psnv,south,1
psos,northeast,1
psvo,south,1
ptdv,midwest,1
pteh,midwest,1
pths,northeast,1
ptjv,northeast,1
ptnf,south,1
ptoa,west,1
ptot,west,1
ptpi,south,1
ptuh,northeast,1
ptui,northeast,1
puaj,midwest,1
pubc,south,1
pucm,northeast,1
pulf,west,1
puod,northeast,1
pusi,south,1
pusm,northeast,1
puwe,northeast,1
puwg,midwest,1
pvcr,midwest,1
pvgh,west,1
pvie,midwest,1
pvkz,south,1
pvmj,south,1
pvpu,west,1
pvqt,midwest,1
pvtu,west,1
pvuj,west,1
pvyh,northeast,1
pwdf,west,1
pwmh,midwest,1
pwog,west,1
pwrn,northeast,1
pwtc,northeast,1
pwwc,south,1
pwzf,west,1
pxbc,west,1
pxdw,northeast,1
pxhs,northeast,1
pxjb,west,1
pxnv,northeast,1
pxnz,west,1
pxrl,midwest,1
pxry,west,1
pxue,south,1
pxva,south,1
pxwx,northeast,1
pxyv,south,1
pxyw,west,1
pycb,west,1
pycn,midwest,1
pyog,midwest,1
pyqb,south,1
pyuv,south,1
pyvm,midwest,1
pyxk,midwest,1
pzdn,northeast,1
pzel,south,1
pzfh,midwest,1
pzja,midwest,1
pzky,west,1
pzmm,south,1
pznt,midwest,1
pzql,midwest,1
qadb,midwest,1
qadg,west,1
qadq,west,1
qaea,south,1
qaei,west,1
qano,west,1
qaqt,south,1
qatt,midwest,1
qatz,south,1
qava,west,1
qavp,west,1
qbai,midwest,1
qbbg,northeast,1
qbet,west,1
qbgs,midwest,1
qblk,south,1
qbmm,west,1
qbrz,midwest,1
qbtu,west,1
qbxf,midwest,1
qcae,south,1
qcfy,west,1
qcii,northeast,1
qcij,south,1
qcmy,midwest,1
qcot,west,1
qcyd,midwest,1
qczx,midwest,1
qdar,midwest,1
qddv,west,1
qdgc,midwest,1
qdgd,west,1
qdjm,midwest,1
qdkf,northeast,1
qdnu,south,1
qdnx,south,1
qdog,south,1
qdoz,south,1
qdrk,northeast,1
qdry,northeast,1
qdsj,south,1
qdyf,northeast,1
qecq,west,1
qeee,midwest,1
qefx,midwest,1
qejq,midwest,1
qelq,midwest,1
qenu,south,1
qepr,south,1
qesv,south,1
qetp,west,1
qewr,midwest,1
qexs,west,1
qeyw,west,1
qfad,northeast,1
qfat,west,1
qffx,west,1
qfgj,northeast,1
qfmu,south,1
qfne,south,1
qfnz,midwest,1
qftr,west,1
qfzo,south,1
qgda,south,1
qgdy,midwest,1
qghk,midwest,1
qgjf,west,1
qgkh,south,1
qgli,midwest,1
qglq,northeast,1
qgmf,midwest,1
qguh,northeast,1
qhaj,midwest,1
qhef,west,1
qhha,west,1
qhkn,midwest,1
qhms,west,1
qhnh,midwest,1
qhnq,midwest,1
qhoq,west,1
qhps,northeast,1
qhua,midwest,1
qhwl,midwest,1
qibi,south,1
qibt,west,1
qidp,midwest,1
qihl,northeast,1
qiib,west,1
qikf,northeast,1
qiqq,west,1
qisu,west,1
qiuq,west,1
qizq,west,1
qjcn,northeast,1
qjeg,west,1
qjfm,northeast,1
qjle,midwest,1
qjnm,northeast,1
qjqj,south,1
qjqn,west,1
qjqx,west,1
qjtb,midwest,1
qjum,west,1
qjxl,northeast,1
qkdp,west,1
qken,west,1
qkfm,west,1
qkhw,midwest,1
qkln,midwest,1
qksl,northeast,1
qktp,midwest,1
qkvk,south,1
qkvx,midwest,1
qkyz,midwest,1
qlcj,west,1
qlfa,west,1
qlie,midwest,1
qlkg,west,1
qlkl,midwest,1
qltk,west,1
qltp,south,1
qlvj,midwest,1
qlyb,northeast,1
qlys,midwest,1
qmca,west,1
qmeq,west,1
qmfd,midwest,1
qmgq,west,1
qmke,west,1
qmks,west,1
qmlm,northeast,1
qmmw,northeast,1
qmod,midwest,1
qmol,south,1
qmua,midwest,1
qmut,west,1
qmwi,west,1
qmxt,south,1
qnag,west,1
qnav,west,1
qnbm,midwest,1
qndc,west,1
qneb,midwest,1
qneg,northeast,1
qnew,northeast,1
qnhw,west,1
qnmx,midwest,1
qnqc,south,1
qnsk,south,1
qnua,west,1
qnyv,west,1
qnzh,west,1
qodf,midwest,1
qoio,northeast,1
qojq,west,1
qomq,northeast,1
qoqe,south,1
qoqm,south,1
qoqq,west,1
qovc,south,1
qovn,west,1
qovr,south,1
qpkf,west,1
qppy,west,1
qprd,south,1
qpvk,midwest,1
qpzk,west,1
qqaa,midwest,1
qqbi,south,1
qqei,south,1
qqmy,west,1
qqnf,west,1
qqpc,midwest,1
qqqw,south,1
qrfe,midwest,1
qrih,west,1
qrjy,south,1
qrlq,west,1
qrmp,northeast,1
qseh,northeast,1
qshm,midwest,1
qsse,west,1
qsxx,northeast,1
qszx,northeast,1
qthg,west,1
qthm,west,1
qtjh,west,1
qtrm,west,1
qttk,midwest,1
qtue,west,1
qtzc,south,1
qubz,northeast,1
qudd,south,1
qufv,south,1
qugp,west,1
qugy,northeast,1
qujr,south,1
qulf,south,1
quoy,west,1
qupp,midwest,1
qusp,west,1
qutx,midwest,1
quuv,midwest,1
quzq,south,1
quzt,south,1
quzy,northeast,1
qvas,northeast,1
qvcm,south,1
qvct,northeast,1
qvfa,midwest,1
qvfz,midwest,1
qvhy,south,1
qvim,midwest,1
qvmn,midwest,1
qvos,south,1
qvtg,northeast,1
qvwm,west,1
qwcq,west,1
qwhe,northeast,1
qwnc,midwest,1
qwoe,midwest,1
qwwu,midwest,1
qwxy,west,1
qxjs,midwest,1
qxjv,west,1
qxjx,west,1
qxki,midwest,1
qxpc,south,1
qxti,west,1
qxuo,midwest,1
qxwn,south,1
qxze,west,1
qyam,midwest,1
qyfs,west,1
qymp,northeast,1
qymz,midwest,1
qyno,south,1
qyof,west,1
qyoi,south,1
qywm,south,1
qywr,midwest,1
qyxi,south,1
qzam,northeast,1
qzdb,west,1
qzec,south,1
qzew,south,1
qzhq,south,1
qzln,midwest,1
raax,south,1
rabq,west,1
rafr,south,1
rags,west,1
rakh,south,1
raur,south,1
raww,west,1
rbbz,west,1
rbfq,midwest,1
rbik,northeast,1
rbiz,west,1
rbjm,midwest,1
rbll,south,1
rbrm,west,1
rbsr,west,1
rbtk,midwest,1
rbub,west,1
rbxp,west,1
rcgk,west,1
rciz,south,1
rcmk,midwest,1
rcog,midwest,1
rcot,west,1
rcrd,south,1
rczr,midwest,1
rdar,south,1
rdie,south,1
rdjx,south,1
rdly,midwest,1
rdqb,west,1
rdqs,south,1
rdts,west,1
rdxk,midwest,1
reen,west,1
regx,west,1
rekg,midwest,1
relq,south,1
remb,south,1
repp,northeast,1
reql,west,1
resh,midwest,1
reuu,west,1
rfcg,midwest,1
rfeq,west,1
rfjc,south,1
rfjo,west,1
rfko,northeast,1
rfkr,west,1
rfni,west,1
rfox,west,1
rfpe,south,1
rfvs,south,1
rfwl,west,1
rfyn,midwest,1
rfze,west,1
rfzj,south,1
rgbf,northeast,1
rgeo,south,1
rgfb,west,1
rgkd,west,1
rgki,south,1
rgmg,midwest,1
rgvg,west,1
rgwe,midwest,1
rgwm,midwest,1
rgws,west,1
rgwy,midwest,1
rgxc,midwest,1
rgyr,midwest,1
rhcp,south,1
rhfa,west,1
rhgl,west,1
rhho,west,1
rhik,south,1
rhkf,west,1
rhnh,midwest,1
rhwl,midwest,1
rhwr,south,1
rhyz,midwest,1
rhze,northeast,1
rihb,west,1
rihv,northeast,1
rijt,west,1
rikb,west,1
rike,midwest,1
rimo,west,1
ripy,south,1
rirv,south,1
risv,south,1
rito,midwest,1
riwg,west,1
riye,west,1
riyk,midwest,1
rjaz,south,1
rjhr,northeast,1
rjki,west,1
rjlr,south,1
rjmx,midwest,1
rjnt,west,1
rjnv,south,1
rjrc,west,1
rjss,midwest,1
rkdi,west,1
rklc,south,1
rkmz,midwest,1
rknk,midwest,1
rkpc,west,1
rktf,northeast,1
rkth,midwest,1
rkum,midwest,1
rkvi,west,1
rkyu,northeast,1
rlaw,northeast,1
rlrr,midwest,1
rlxr,midwest,1
rmdu,west,1
rmek,west,1
rmge,west,1
rmgh,midwest,1
rmhh,midwest,1
rmii,west,1
rmiu,northeast,1
rmjb,south,1
rmlw,northeast,1
rmlx,northeast,1
rmnf,south,1
rmoh,west,1
rmoj,midwest,1
rmru,south,1
rmve,west,1
rmvu,west,1
rnef,west,1
rnjp,south,1
rnqn,northeast,1
rnre,south,1
rnwe,south,1
rnwu,midwest,1
roaw,west,1
roct,midwest,1
rocu,midwest,1
roor,midwest,1
rosf,midwest,1
rovn,south,1
royk,midwest,1
rozs,west,1
rpdh,west,1
rpdm,midwest,1
rpgg,south,1
rpgw,west,1
rppv,west,1
rppz,midwest,1
rpqs,northeast,1
rpri,midwest,1
rprn,west,1
rqbq,west,1
rqfh,south,1
rqjh,west,1
rqob,midwest,1
rqqd,west,1
rqqi,west,1
rrae,northeast,1
rrcq,west,1
rrgo,northeast,1
rrhp,south,1
rrmh,midwest,1
rrpf,midwest,1
rrqx,south,1
rrxe,west,1
rrzq,west,1
rsce,northeast,1
rsdl,west,1
rsej,west,1
rshn,west,1
rsip,midwest,1
rsjj,northeast,1
rsnr,midwest,1
rsny,west,1
rsos,west,1
rsre,northeast,1
rsri,south,1
rsvw,south,1
rszv,south,1
rtgq,west,1
rtlc,west,1
rtox,west,1
rtpp,northeast,1
rtrk,midwest,1
rtwk,south,1
ruag,west,1
rucy,midwest,1
rudn,northeast,1
rukp,midwest,1
ruku,midwest,1
rula,south,1
rund,northeast,1
ruqy,west,1
ruwg,south,1
ruzz,midwest,1
rvdy,midwest,1
rveb,midwest,1
rvie,west,1
rvmz,west,1
rvpd,west,1
rvqn,midwest,1
rvsb,northeast,1
rvtx,west,1
rwaw,west,1
rwis,midwest,1
rwlu,midwest,1
rwnm,west,1
rwok,south,1
rwsq,northeast,1
rwzv,south,1
rxbj,south,1
rxcm,south,1
rxcz,south,1
rxdy,west,1
rxfe,west,1
rxha,northeast,1
rxjp,west,1
rxsf,northeast,1
rxxc,west,1
rxxl,west,1
rxxp,west,1
rybd,midwest,1
ryed,midwest,1
ryeu,south,1
ryfh,south,1
ryfz,midwest,1
rygj,midwest,1
rygl,south,1
rykg,south,1
rymq,midwest,1
ryqe,south,1
rytr,west,1
ryuk,south,1
ryyp,south,1
rzaf,south,1
rziu,midwest,1
rzjf,northeast,1
rzol,west,1
rzox,west,1
rzwn,west,1
saad,south,1
sabf,south,1
sagk,northeast,1
sahp,west,1
salc,south,1
sals,south,1
sank,south,1
saxx,west,1
sbdv,south,1
sbeo,south,1
sbff,northeast,1
sbib,west,1
sbnc,midwest,1
sbql,west,1
sbtw,south,1
sbvg,south,1
sbyr,midwest,1
sbza,south,1
scal,west,1
scbt,west,1
sciq,south,1
sclb,midwest,1
scmh,south,1
scny,west,1
scpp,west,1
scps,midwest,1
scrn,midwest,1
sctg,midwest,1
scvh,midwest,1
scwm,midwest,1
sczd,west,1
sczp,west,1
sdad,west,1
sdbj,west,1
sdcu,south,1
sdhb,west,1
sdkx,west,1
sdln,west,1
sduh,west,1
sdxf,west,1
sdyj,south,1
seba,west,1
seiu,midwest,1
seki,west,1
semy,south,1
semz,northeast,1
seqw,midwest,1
setn,west,1
seyi,midwest,1
seyp,northeast,1
seyw,south,1
sfav,south,1
sfct,midwest,1
sffb,midwest,1
sfpz,south,1
sfrw,west,1
sfry,south,1
sftu,west,1
sfvl,northeast,1
sfwu,northeast,1
sfxp,west,1
sfzr,west,1
sgcl,midwest,1
sgdg,midwest,1
sgeh,midwest,1
sgem,west,1
sgil,south,1
sgjh,midwest,1
sglz,south,1
sgns,midwest,1
sgoo,west,1
sgov,south,1
sgpv,midwest,1
sgui,midwest,1
sgvc,west,1
sgvz,south,1
sgwh,west,1
shck,west,1
shcy,west,1
shep,midwest,1
shfd,west,1
shmi,south,1
shqm,west,1
shsc,midwest,1
shxi,west,1
shxm,midwest,1
shyp,west,1
shyv,midwest,1
siad,midwest,1
siaj,south,1
siaz,south,1
siew,midwest,1
sija,west,1
sikg,west,1
sivb,west,1
sjgd,south,1
sjik,northeast,1
sjlh,west,1
sjok,northeast,1
sjpc,midwest,1
sjqs,northeast,1
sjws,midwest,1
sjyq,midwest,1
sjyt,south,1
skav,south,1
skdp,west,1
skgv,midwest,1
skhr,south,1
skkl,northeast,1
skny,northeast,1
skoi,west,1
skqj,south,1
skum,midwest,1
skxm,midwest,1
skyv,west,1
skzw,midwest,1
slax,south,1
slbn,west,1
slcf,south,1
slev,south,1
slhq,midwest,1
slln,midwest,1
slly,south,1
slnp,northeast,1
slnw,northeast,1
slpl,west,1
slpq,south,1
slpt,midwest,1
slra,south,1
slrn,south,1
slrs,midwest,1
slww,midwest,1
slzu,south,1
smdb,midwest,1
smex,midwest,1
smfz,west,1
smhu,northeast,1
smke,northeast,1
smkv,west,1
smln,midwest,1
smmi,south,1
smrd,west,1
smtp,west,1
smyr,west,1
sndr,west,1
snhz,midwest,1
snnu,west,1
snny,south,1
snox,west,1
snqk,northeast,1
sntf,midwest,1
snvh,south,1
snwp,south,1
snze,northeast,1
snzj,west,1
snzz,midwest,1
soax,west,1
sobn,northeast,1
socd,midwest,1
soig,west,1
soij,west,1
soje,west,1
sole,west,1
solv,west,1
soqm,midwest,1
sotm,northeast,1
souv,midwest,1
souw,midwest,1
sovf,west,1
soxa,west,1
soxl,midwest,1
spab,south,1
spdk,south,1
spdp,south,1
sphr,northeast,1
spim,midwest,1
spjc,midwest,1
spnm,midwest,1
spsz,south,1
sptk,west,1
sqed,west,1
sqez,midwest,1
sqlf,midwest,1
sqpe,south,1
sqph,northeast,1
sqts,northeast,1
sqvu,west,1
sqwy,south,1
sqxa,northeast,1
srdd,west,1
srfz,west,1
srhi,west,1
srhs,west,1
srio,midwest,1
sriy,west,1
srji,west,1
srlj,northeast,1
srmz,west,1
srrk,northeast,1
srsc,west,1
srty,northeast,1
ssbg,west,1
ssca,northeast,1
sscc,west,1
ssft,northeast,1
ssjo,south,1
ssjw,west,1
ssqv,midwest,1
ssuc,west,1
ssuv,south,1
ssve,west,1
ssvx,south,1
ssxk,west,1
stbl,west,1
stci,northeast,1
stgb,midwest,1
stgc,midwest,1
stgg,midwest,1
stvy,south,1
stww,west,1
stwy,northeast,1
suag,midwest,1
sucy,west,1
sudu,west,1
suhh,south,1
suir,west,1
sumz,south,1
suqu,south,1
susz,west,1
suwr,northeast,1
suxq,midwest,1
svfh,south,1
svgn,south,1
svky,midwest,1
svlu,northeast,1
svnn,south,1
svol,south,1
svrc,midwest,1
svrj,west,1
svue,midwest,1
svut,midwest,1
swhj,west,1
swhy,northeast,1
swjx,south,1
swkf,northeast,1
swnl,west,1
swnu,midwest,1
swum,midwest,1
swvk,south,1
swzj,northeast,1
sxan,west,1
sxdn,west,1
sxeb,south,1
sxfu,west,1
sxgf,northeast,1
sxik,west,1
sxkc,south,1
sxpp,south,1
sxpy,south,1
sxrx,south,1
sxsg,northeast,1
sybn,midwest,1
sydv,northeast,1
sygr,south,1
syjg,west,1
syor,south,1
sytm,west,1
syyc,west,1
szdw,northeast,1
szem,west,1
szip,west,1
szlw,midwest,1
szmf,midwest,1
szmp,midwest,1
szow,midwest,1
szpb,northeast,1
szqh,midwest,1
szrh,west,1
szum,south,1
szwh,northeast,1
tagv,south,1
taiu,south,1
takc,midwest,1
takk,west,1
tanb,west,1
tanz,south,1
taro,west,1
tatc,west,1
tauq,west,1
tbfr,west,1
tbhd,south,1
tbmj,midwest,1
tbnp,west,1
tbpd,west,1
tbsv,west,1
tbtu,west,1
tbwj,west,1
tbyq,south,1
tcca,south,1
tcdb,midwest,1
tcgm,midwest,1
tclt,west,1
tcur,south,1
tdcr,west,1
tdeu,midwest,1
tdfe,northeast,1
tdfz,west,1
tdjg,midwest,1
tdmg,west,1
tdpc,west,1
tdrs,west,1
tdrx,west,1
tdsd,northeast,1
tdvq,south,1
tdyd,west,1
team,west,1
tefc,south,1
tejh,west,1
temh,northeast,1
tenl,northeast,1
teps,northeast,1
tepz,northeast,1
teuf,south,1
teuu,west,1
tewu,south,1
texd,west,1
teyn,west,1
teyy,south,1
tfap,south,1
tfcu,northeast,1
tfdc,midwest,1
tffg,south,1
tfhf,west,1
tfnk,west,1
tfnq,west,1
tfny,south,1
tfog,northeast,1
tfsk,northeast,1
tfsu,northeast,1
tfsz,south,1
tftu,midwest,1
tfvu,south,1
tfwg,midwest,1
tgcv,west,1
tgcx,west,1
tgla,west,1
tgsw,west,1
tgta,northeast,1
tgtl,west,1
tgup,west,1
tgws,south,1
tgyn,south,1
tgzl,west,1
thaa,northeast,1
thcl,south,1
thdi,south,1
thhk,west,1
thkf,midwest,1
thki,west,1
thlj,west,1
thlp,midwest,1
thoo,south,1
thqk,west,1
thqz,midwest,1
thvn,west,1
tiap,northeast,1
ticu,northeast,1
tiev,south,1
tigt,west,1
tigy,west,1
tihz,midwest,1
tikh,northeast,1
tipa,northeast,1
tipx,northeast,1
titj,south,1
tiya,west,1
tjeq,midwest,1
tjfa,west,1
tjfr,midwest,1
tjfy,west,1
tjgl,south,1
tjmb,midwest,1
tjnu,south,1
tjpl,south,1
tjpz,northeast,1
tjtd,west,1
tjtk,midwest,1
tjtx,west,1
tjvy,west,1
tjyh,south,1
tkax,midwest,1
tkfh,west,1
tkgb,west,1
tkil,midwest,1
tkjm,west,1
tkkc,northeast,1
tkkk,midwest,1
tkmp,west,1
tknr,northeast,1
tkpr,west,1
tkxh,west,1
tlen,west,1
tlgj,west,1
tlmj,south,1
tlto,northeast,1
tlwu,northeast,1
tmbh,west,1
tmdg,midwest,1
tmef,midwest,1
tmev,west,1
tmfo,northeast,1
tmqf,midwest,1
tmwr,northeast,1
tmwu,south,1
tmzc,west,1
tnae,west,1
tnao,south,1
tnhu,midwest,1
tnhy,west,1
tnkp,northeast,1
tnna,midwest,1
tnnq,midwest,1
tnqj,west,1
tnrk,west,1
tntm,northeast,1
tnwa,midwest,1
tnxl,west,1
tnya,west,1
tnyd,south,1
tnyv,northeast,1
todo,west,1
todz,northeast,1
toiz,midwest,1
tokb,midwest,1
toqe,south,1
torq,northeast,1
toxx,midwest,1
tpcn,south,1
tpnz,south,1
tpqi,northeast,1
tpue,south,1
tpxw,south,1
tqbo,northeast,1
tqdw,west,1
tqfg,west,1
tqgz,west,1
tqkj,south,1
tqoo,west,1
tqsw,south,1
tquq,west,1
tqvc,west,1
tqxq,south,1
trgf,west,1
trgo,midwest,1
trpp,midwest,1
trsz,west,1
trvz,northeast,1
trxl,northeast,1
tscd,west,1
tsmc,west,1
tsnd,south,1
tsua,northeast,1
tsvk,west,1
tszj,midwest,1
ttdc,south,1
ttdp,south,1
tteu,midwest,1
ttkq,midwest,1
ttlk,south,1
ttod,midwest,1
ttou,south,1
ttpu,west,1
ttqb,west,1
ttsj,south,1
ttvz,west,1
ttxx,northeast,1
tuar,south,1
tucy,midwest,1
tuup,midwest,1
tuvp,south,1
tuvt,northeast,1
tuza,west,1
tval,west,1
tvfr,south,1
tvgt,northeast,1
tvir,midwest,1
tvjw,northeast,1
tvlz,west,1
tvne,midwest,1
tvox,northeast,1
tvss,midwest,1
tvxx,northeast,1
tvzv,west,1
twem,south,1
twgb,west,1
twgs,northeast,1
twll,west,1
twpo,south,1
twrx,south,1
twvb,northeast,1
twyn,west,1
twyq,northeast,1
txiq,west,1
txoz,west,1
tyeh,south,1
tyid,northeast,1
tykw,west,1
tylw,west,1
tyob,midwest,1
tyox,west,1
tyql,south,1
tyqn,west,1
tyso,midwest,1
tyzk,midwest,1
tzbf,west,1
tzbr,south,1
tzcx,midwest,1
tzcy,west,1
tzen,northeast,1
tzep,west,1
tzjd,northeast,1
tzjw,south,1
tzlg,south,1
tzpf,northeast,1
tzqx,south,1
tzsq,midwest,1
tzyh,midwest,1
uabq,midwest,1
ualo,west,1
uaqs,west,1
uarm,west,1
uata,west,1
uatk,northeast,1
uatw,midwest,1
uawz,midwest,1
ubcl,south,1
ubcz,west,1
ubeh,northeast,1
ublh,northeast,1
ubpm,west,1
ubsm,west,1
ubwz,west,1
ubxe,midwest,1
ubxj,northeast,1
ucdr,midwest,1
ucjb,west,1
ucna,west,1
ucnm,west,1
ucny,west,1
ucod,south,1
ucpd,midwest,1
ucqi,south,1
ucsh,west,1
ucso,west,1
ucti,west,1
ucxi,south,1
ucyh,west,1
udac,midwest,1
udcz,northeast,1
udeh,midwest,1
udlm,northeast,1
udrl,south,1
udxa,west,1
udyg,south,1
uefd,south,1
uefr,west,1
ueix,west,1
uekd,west,1
uens,northeast,1
ueoz,west,1
ueqd,west,1
uese,west,1
uesj,west,1
ueuo,west,1
uevm,midwest,1
uexz,northeast,1
ueyh,west,1
ueym,northeast,1
ueyp,west,1
uezy,midwest,1
ufdy,northeast,1
ufga,west,1
ufgf,south,1
ufio,west,1
ufiq,midwest,1
ufjz,midwest,1
uflg,west,1
ufob,midwest,1
ufpf,west,1
ufsl,west,1
ufvo,midwest,1
ufww,midwest,1
ufxa,midwest,1
ufxf,northeast,1
ugad,south,1
ugan,northeast,1
ugbd,northeast,1
ugbh,midwest,1
ugdh,northeast,1
uggw,midwest,1
ugim,west,1
ugio,midwest,1
ugkb,west,1
ugku,midwest,1
ugmp,northeast,1
ugni,west,1
ugqe,west,1
ugrh,midwest,1
ugvn,midwest,1
ugxp,south,1
ugzz,midwest,1
uhfr,west,1
uhqk,midwest,1
uhrs,west,1
uhut,midwest,1
uhvz,west,1
uhxo,northeast,1
uiab,west,1
uibi,midwest,1
uicv,midwest,1
uifo,west,1
uigi,northeast,1
uihm,west,1
uijw,northeast,1
uipr,midwest,1
uisu,south,1
uitl,west,1
uiww,south,1
ujbc,northeast,1
ujiz,northeast,1
ujjc,west,1
ujkq,south,1
ujnk,south,1
ujpn,midwest,1
ujpv,west,1
ujqs,midwest,1
ujtr,west,1
ujwq,south,1
ujxb,south,1
ujyo,west,1
ukbx,midwest,1
ukeu,west,1
ukgw,west,1
ukjy,west,1
uknp,west,1
ulbe,midwest,1
ulcf,west,1
uleq,northeast,1
uler,south,1
ulhi,midwest,1
ulnc,west,1
ulng,south,1
ulod,west,1
ulre,midwest,1
ulvq,west,1
umca,northeast,1
umcu,northeast,1
umdh,west,1
umis,midwest,1
umlp,south,1
umne,south,1
umni,west,1
umns,west,1
umoz,midwest,1
umqb,west,1
umqu,northeast,1
umrs,west,1
umwp,midwest,1
umye,west,1
unaw,west,1
unjs,west,1
unkx,west,1
unlg,west,1
unlo,northeast,1
unmo,south,1
unnd,west,1
unue,northeast,1
uocz,west,1
uogv,west,1
uoib,west,1
uosq,west,1
uoum,northeast,1
uowq,west,1
uowt,south,1
uoxf,west,1
upbo,midwest,1
upij,south,1
upnq,northeast,1
upqq,south,1
upsx,northeast,1
upuu,northeast,1
upwe,south,1
upwh,midwest,1
uqfb,midwest,1
uqir,west,1
uqqr,midwest,1
uqqu,northeast,1
uquc,south,1
uqxg,northeast,1
urbi,west,1
urca,south,1
urdz,midwest,1
urhs,midwest,1
urkd,south,1
urkv,south,1
urlk,west,1
urlx,south,1
urnr,west,1
urvc,south,1
urvm,west,1
urvw,midwest,1
urwp,west,1
urzn,south,1
urzo,midwest,1
ushn,south,1
uskm,south,1
usnm,west,1
ustx,south,1
utbh,west,1
utcq,south,1
utho,northeast,1
utic,midwest,1
utjy,west,1
utpk,west,1
utsm,northeast,1
utul,midwest,1
utun,midwest,1
utwr,south,1
utxn,west,1
utxs,midwest,1
utzj,south,1
uubd,south,1
uuht,midwest,1
uuio,west,1
uukl,west,1
uuoj,south,1
uupj,midwest,1
uupy,northeast,1
uupz,northeast,1
uvgr,west,1
uvku,west,1
uvnq,northeast,1
uvps,south,1
uvrn,south,1
uvts,midwest,1
uvuc,south,1
uvxc,south,1
uvyg,west,1
uvyp,northeast,1
uvyx,midwest,1
uwnm,midwest,1
uwok,south,1
uwom,west,1
uwpz,midwest,1
uwwa,west,1
uxdn,west,1
uxes,midwest,1
uxfn,west,1
uxib,west,1
uxjx,south,1
uxkv,northeast,1
uxvi,west,1
uybd,midwest,1
uyec,midwest,1
uyha,midwest,1
uyhn,south,1
uyro,south,1
uyux,midwest,1
uyxw,west,1
uyyb,northeast,1
uyyg,south,1
uyyi,northeast,1
uzbt,midwest,1
uzdq,northeast,1
uzdy,west,1
uzfj,west,1
uzgl,west,1
uzif,midwest,1
uzux,west,1
vahp,midwest,1
vaid,west,1
valx,south,1
vasl,south,1
vatc,northeast,1
vawx,south,1
vbbk,west,1
vbex,south,1
vbfu,west,1
vbih,west,1
vblk,northeast,1
vblu,northeast,1
vbne,midwest,1
vboh,west,1
vbrl,midwest,1
vbsr,south,1
vbxp,south,1
vbxw,south,1
vbzr,midwest,1
vcat,south,1
vcex,midwest,1
vcfg,west,1
vcjb,northeast,1
vcwq,west,1
vcxj,midwest,1
vddh,west,1
vdeb,south,1
vdhu,south,1
vdij,west,1
vdiu,west,1
vdjn,south,1
vdmd,west,1
vdsh,west,1
vdtq,northeast,1
vdvw,northeast,1
vdyv,west,1
vegg,south,1
vemb,northeast,1
veno,midwest,1
veom,west,1
veqq,west,1
verg,west,1
veva,south,1
vewq,south,1
vexv,midwest,1
veyl,south,1
vfbq,west,1
vfry,south,1
vfsb,west,1
vfwn,south,1
vfyc,west,1
vgdm,northeast,1
vgeh,south,1
vgeu,west,1
vgfl,midwest,1
vgie,south,1
vgij,west,1
vgjg,west,1
vglx,south,1
vgqv,midwest,1
vgrw,south,1
vgsh,midwest,1
vgwb,midwest,1
vhdn,midwest,1
vhgm,west,1
vhiv,midwest,1
vhlf,south,1
vhmd,south,1
vhnc,west,1
vhpp,midwest,1
vhqp,midwest,1
vhqy,west,1
vhrn,midwest,1
vhvt,midwest,1
vifc,west,1
viic,south,1
vikm,northeast,1
vikt,south,1
vilu,west,1
vily,south,1
vima,midwest,1
vipp,midwest,1
vipz,northeast,1
virf,south,1
viue,midwest,1
vixe,midwest,1
vjbu,west,1
vjde,south,1
vjjb,west,1
vjme,south,1
vjng,midwest,1
vjph,northeast,1
vjrw,west,1
vjuh,northeast,1
vjux,south,1
vjxh,west,1
vkdn,northeast,1
vkej,west,1
vkgq,west,1
vkgy,south,1
vkjm,south,1
vkqx,south,1
vksi,south,1
vksx,midwest,1
vkux,south,1
vkva,midwest,1
vkwz,south,1
vlhg,midwest,1
vlkd,midwest,1
vllf,midwest,1
vlmd,midwest,1
vlty,south,1
vlxi,midwest,1
vlxm,midwest,1
vlyi,west,1
vmbg,northeast,1
vmhx,west,1
vmil,west,1
vmng,west,1
vmua,midwest,1
vnaw,midwest,1
vncs,midwest,1
vndc,south,1
vnec,midwest,1
vnes,west,1
vnhn,midwest,1
vnng,south,1
vnnl,midwest,1
vnoq,west,1
vntm,midwest,1
vnzm,midwest,1
voas,west,1
voch,south,1
voci,west,1
vojx,west,1
voni,south,1
vooh,midwest,1
vost,south,1
votc,south,1
voyu,midwest,1
vozr,west,1
vpag,midwest,1
vpcc,south,1
vpch,west,1
vpcu,west,1
vpeg,south,1
vpii,west,1
vpkr,northeast,1
vpmk,midwest,1
vpqb,midwest,1
vprt,west,1
vpss,south,1
vpus,south,1
vpux,west,1
vpzy,west,1
vqak,west,1
vqdk,west,1
vqht,northeast,1
vqjz,midwest,1
vqmc,west,1
vqoe,south,1
vqpl,west,1
vqpz,northeast,1
vqwq,west,1
vqwv,west,1
vqxs,west,1
vrak,midwest,1
vrdb,midwest,1
vrgv,northeast,1
vrhy,northeast,1
vrjn,midwest,1
vrpc,midwest,1
vrpd,northeast,1
vrpx,midwest,1
vrrb,south,1
vrtt,northeast,1
vrtu,south,1
vrtv,south,1
vsco,west,1
vshb,west,1
vsil,south,1
vslf,midwest,1
vsoc,midwest,1
vsqg,midwest,1
vsqv,south,1
vssk,northeast,1
vsxt,midwest,1
vtik,midwest,1
vtlk,midwest,1
vtls,west,1
vtqo,midwest,1
vtrb,west,1
vtsp,south,1
vtta,northeast,1
vuac,west,1
vuji,northeast,1
vulm,midwest,1
vume,west,1
vuqi,west,1
vuvf,west,1
vuxv,northeast,1
vvbh,west,1
vvch,midwest,1
vvcz,south,1
vvdg,west,1
vvep,west,1
vvez,west,1
vvgb,northeast,1
vvkd,midwest,1
vvoh,south,1
vvxd,northeast,1
vvyg,south,1
vvyr,midwest,1
vwha,northeast,1
vwhm,midwest,1
vwiw,midwest,1
vwns,west,1
vwqx,northeast,1
vwyj,west,1
vxal,west,1
vxdr,south,1
vxhf,west,1
vxpw,northeast,1
vxvn,west,1
vxxw,midwest,1
vxyz,south,1
vyaq,south,1
vyck,south,1
vyec,west,1
vyen,south,1
vyez,south,1
vyfq,west,1
vyhx,west,1
vyko,west,1
vymb,west,1
vyno,midwest,1
vyon,west,1
vypp,northeast,1
vysp,south,1
vytg,west,1
vyxe,south,1
vyxl,west,1
vyzw,west,1
vzbp,midwest,1
vzdq,south,1
vzdx,south,1
vzfe,midwest,1
vzfl,south,1
vznu,midwest,1
vzok,west,1
vzpk,northeast,1
vzqp,northeast,1
vzqs,south,1
vzse,northeast,1
vzsx,west,1
vzta,south,1
vzui,south,1
vzvf,midwest,1
waad,west,1
wadh,midwest,1
waei,west,1
wain,south,1
wamz,south,1
waqo,midwest,1
wari,south,1
wavz,west,1
wbbu,midwest,1
wbcy,south,1
wbhe,midwest,1
wbhp,west,1
wbhu,northeast,1
wbmb,west,1
wbry,northeast,1
wbtj,south,1
wbvz,northeast,1
wbxv,midwest,1
wcaz,west,1
wccr,northeast,1
wcfz,west,1
wcgz,west,1
wchw,west,1
wcjr,west,1
wcpd,midwest,1
wcqf,midwest,1
wcqu,midwest,1
wcrh,west,1
wctf,west,1
wcuq,northeast,1
wcvk,west,1
wdao,northeast,1
wdgh,west,1
wdjw,northeast,1
wdmy,midwest,1
wdsh,west,1
wdvm,west,1
wear,west,1
werd,midwest,1
werw,west,1
wewx,west,1
wexl,west,1
wezc,northeast,1
wfag,west,1
wfis,west,1
wfst,northeast,1
wfue,midwest,1
wfvd,midwest,1
wfxy,west,1
wfyv,west,1
wgaa,midwest,1
wgcb,west,1
wgdx,midwest,1
wgff,midwest,1
wggj,south,1
wgjv,south,1
wgkq,west,1
wgku,northeast,1
wgmb,west,1
wgpp,northeast,1
wgug,midwest,1
wgvc,west,1
wgxq,west,1
whan,west,1
whhu,midwest,1
whns,midwest,1
whpv,west,1
whrl,south,1
whsg,west,1
whtk,midwest,1
whyu,west,1
whyx,west,1
whyy,northeast,1
wien,west,1
wiep,west,1
wifj,west,1
wiha,west,1
wihy,west,1
wiii,midwest,1
wilj,west,1
wine,northeast,1
wiqf,northeast,1
wiqh,west,1
wiwc,midwest,1
wiyh,west,1
wjea,west,1
wjff,northeast,1
wjfg,west,1
wjgm,northeast,1
wjld,south,1
wjrj,midwest,1
wjto,south,1
wjxn,south,1
wjyc,west,1
wjyz,midwest,1
wkaj,midwest,1
wkcx,west,1
wkgq,west,1
wkmi,northeast,1
wkqg,west,1
wktj,midwest,1
wkwm,west,1
wlgm,south,1
wlhm,south,1
wlkn,west,1
wlop,south,1
wlrw,midwest,1
wlxw,midwest,1
wlyw,west,1
wmcd,midwest,1
wmck,midwest,1
wmcm,west,1
wmjg,northeast,1
wmlm,midwest,1
wmpv,west,1
wmqk,midwest,1
wmqy,midwest,1
wmrz,midwest,1
wmuz,midwest,1
wneo,west,1
wnjv,west,1
wnkq,midwest,1
wnmq,west,1
wnne,west,1
wnox,west,1
wnpz,south,1
wnqv,west,1
wnrd,northeast,1
wnuc,northeast,1
wnud,midwest,1
wnvd,west,1
wnwa,northeast,1
wnys,northeast,1
woaj,northeast,1
wobj,west,1
woda,midwest,1
wofj,west,1
wojz,south,1
woms,northeast,1
wooj,south,1
woqb,west,1
wotn,west,1
wovt,south,1
woyd,west,1
woyi,midwest,1
wpbp,south,1
wpnc,midwest,1
wpob,west,1
wpth,midwest,1
wpvw,midwest,1
wpza,midwest,1
wqaz,west,1
wqcw,south,1
wqhj,northeast,1
wqki,northeast,1
wqpe,northeast,1
wqsv,south,1
wrcj,northeast,1
wrfu,northeast,1
wrha,south,1
wrhn,west,1
wrmw,west,1
wrnj,midwest,1
wrop,west,1
wrox,northeast,1
wrqv,northeast,1
wruj,west,1
wrzt,west,1
wsbf,northeast,1
wsla,west,1
wsot,midwest,1
wstj,south,1
wstu,south,1
wsye,northeast,1
wtbi,northeast,1
wtcf,west,1
wtoa,northeast,1
wtoq,midwest,1
wtzz,south,1
wucp,west,1
wudf,south,1
wudg,west,1
wuex,midwest,1
wuhy,south,1
wuoa,northeast,1
wusv,west,1
wuub,south,1
wuyu,northeast,1
wuyz,midwest,1
wuzt,midwest,1
wvbn,midwest,1
wvbx,south,1
wvfb,west,1
wvkh,west,1
wvri,south,1
wvrj,south,1
wvti,south,1
wvyg,south,1
wwab,northeast,1
wwht,midwest,1
wwnd,midwest,1
wwqs,south,1
wwtc,west,1
wwtn,northeast,1
wwzb,west,1
wxcb,south,1
wxiu,west,1
wxqr,south,1
wxtx,south,1
wxwq,northeast,1
wxyf,west,1
wxzk,northeast,1
wyaz,west,1
wycx,south,1
wydl,west,1
wyjf,west,1
wyjr,midwest,1
wylt,northeast,1
wynr,west,1
wyoq,midwest,1
wyoz,west,1
wyqy,west,1
wyrz,west,1
wysq,south,1
wyst,west,1
wzbw,west,1
wzfo,northeast,1
wzge,west,1
wzhx,west,1
wzkv,midwest,1
wznv,south,1
wzoi,midwest,1
wzpx,midwest,1
wzqm,west,1
wzsv,south,1
wzta,northeast,1
wzxb,west,1
wzxe,south,1
xabr,south,1
xadb,west,1
xahc,west,1
xahd,midwest,1
xajc,midwest,1
xajd,south,1
xamv,west,1
xanf,northeast,1
xaqx,west,1
xawj,west,1
xawz,midwest,1
xbcd,west,1
xbhi,midwest,1
xbhr,midwest,1
xbkw,northeast,1
xbxh,west,1
xbxy,west,1
xbye,northeast,1
xbzf,midwest,1
xcac,west,1
xcgf,south,1
xchu,midwest,1
xcqc,west,1
xctz,west,1
xcwa,west,1
xcws,northeast,1
xdce,west,1
xdga,midwest,1
xdgh,west,1
xdhb,northeast,1
xdjj,south,1
xdpg,northeast,1
xdrh,south,1
xeec,south,1
xeei,midwest,1
xegp,south,1
xeil,west,1
xekf,west,1
xelz,west,1
xepn,midwest,1
xern,midwest,1
xezw,west,1
xfba,south,1
xffj,west,1
xffw,midwest,1
xfgk,northeast,1
xfgv,south,1
xfhj,west,1
xfhs,west,1
xfik,south,1
xfiu,south,1
xfnt,west,1
xfwr,west,1
xgal,west,1
xgap,south,1
xgit,south,1
xglu,south,1
xgpn,midwest,1
xgrd,west,1
xgrs,south,1
xgse,midwest,1
xgvm,midwest,1
xgwh,west,1
xgzg,midwest,1
xhaa,west,1
xhip,northeast,1
xhmr,west,1
xhon,northeast,1
xhqj,south,1
xhuh,south,1
xhuk,west,1
xhvi,south,1
xicu,midwest,1
xika,west,1
xikt,midwest,1
xiox,midwest,1
xipb,midwest,1
xirj,west,1
xixc,south,1
xizw,west,1
xjmh,midwest,1
xjqe,south,1
xjwg,west,1
xkco,west,1
xkgh,midwest,1
xkhh,south,1
xkjt,midwest,1
xknn,west,1
xkqb,west,1
xkqd,south,1
xlca,midwest,1
xlix,south,1
xlkc,midwest,1
xlkd,west,1
xllo,south,1
xllz,west,1
xlma,south,1
xlon,midwest,1
xlrd,south,1
xlru,northeast,1
xlue,midwest,1
xluj,west,1
xlvk,west,1
xlxp,west,1
xmcq,west,1
xmku,west,1
xmlv,midwest,1
xmmi,south,1
xmnx,south,1
xmpx,west,1
xmuz,midwest,1
xmwu,west,1
xmxv,west,1
xmzg,south,1
xnai,west,1
xneo,west,1
xnhz,west,1
xniy,west,1
xnli,midwest,1
xnsa,midwest,1
xnsc,west,1
xnss,west,1
xntw,south,1
xnuy,west,1
xnxf,northeast,1
xoed,northeast,1
xokp,midwest,1
xold,west,1
xomm,west,1
xoox,south,1
xoph,west,1
xotl,west,1
xowa,midwest,1
xoyu,south,1
xpai,south,1
xpbk,northeast,1
xpmg,west,1
xpqd,midwest,1
xpsl,west,1
xpvx,midwest,1
xpyk,west,1
xqan,northeast,1
xqdt,south,1
xqhz,south,1
xqin,south,1
xqmy,south,1
xqxd,south,1
xqzj,northeast,1
xrgj,west,1
xrlr,south,1
xrnr,south,1
xrpq,west,1
xrsi,west,1
xrsl,midwest,1
xrsu,south,1
xrvo,west,1
xrxe,west,1
xrxv,south,1
xryg,west,1
xryk,west,1
xsai,midwest,1
xsfp,south,1
xskh,west,1
xsle,west,1
xsnh,west,1
xsod,south,1
xsqr,south,1
xszu,west,1
xtdh,west,1
xtkf,west,1
xtlx,south,1
xtnf,northeast,1
xtop,south,1
xtpz,midwest,1
xtqe,west,1
xtql,midwest,1
xtsa,west,1
xttn,midwest,1
xtxu,west,1
xucf,south,1
xucx,midwest,1
xugq,south,1
xugw,south,1
xuhl,midwest,1
xuhv,south,1
xukx,west,1
xulv,west,1
xuop,midwest,1
xuro,northeast,1
xuty,south,1
xuwt,northeast,1
xuyh,northeast,1
xuzz,south,1
xvbk,northeast,1
xvek,west,1
xvel,northeast,1
xvif,northeast,1
xvlm,west,1
xvmx,west,1
xvpc,west,1
xvpx,midwest,1
xvqm,south,1
xvse,northeast,1
xvxq,south,1
xwiy,midwest,1
xwmc,south,1
xwzc,northeast,1
xxei,west,1
xxgl,south,1
xxhg,northeast,1
xxhr,west,1
xxjq,west,1
xxls,midwest,1
xxqi,west,1
xxts,west,1
xxur,midwest,1
xxvi,south,1
xxwi,west,1
xxxb,west,1
xxxz,northeast,1
xxyb,south,1
xxzo,midwest,1
xyay,northeast,1
xybu,west,1
xyef,west,1
xyet,south,1
xyis,south,1
xyov,south,1
xyre,south,1
xywf,midwest,1
xyyv,midwest,1
xyzl,midwest,1
xzcf,northeast,1
xzco,west,1
xzdx,west,1
xzxh,midwest,1
yace,west,1
yaet,midwest,1
yafk,northeast,1
yamj,south,1
yaod,northeast,1
yaon,west,1
yaqg,midwest,1
yarw,midwest,1
yath,south,1
yavg,midwest,1
yavj,northeast,1
ybds,south,1
ybef,midwest,1
ybhq,west,1
ybtd,west,1
ybtt,west,1
ybuf,south,1
ybxg,west,1
ycha,west,1
yclj,midwest,1
ycnd,west,1
ycoe,northeast,1
ycos,midwest,1
ycqg,midwest,1
ycti,south,1
yctl,south,1
ycum,west,1
ycvj,south,1
ydap,northeast,1
ydcz,midwest,1
ydef,south,1
ydir,south,1
ydmm,west,1
ydym,south,1
ydzj,midwest,1
yeay,south,1
yehg,northeast,1
yeip,west,1
yekt,midwest,1
yeon,south,1
yeqr,west,1
yers,northeast,1
yetd,west,1
yewl,northeast,1
yexw,midwest,1
yeyz,midwest,1
yfel,south,1
yfeq,west,1
yffc,west,1
yfhw,south,1
yfib,northeast,1
yfqr,midwest,1
yfqw,west,1
yfvw,northeast,1
yfwn,south,1
yfxw,west,1
ygaq,northeast,1
ygih,south,1
ygkg,west,1
ygor,midwest,1
ygul,south,1
yguz,west,1
ygva,south,1
ygvs,south,1
yheh,midwest,1
yhhx,northeast,1
yhjs,midwest,1
yhkd,south,1
yhkf,northeast,1
yhlf,midwest,1
yhnx,west,1
yhou,south,1
yhrh,west,1
yhsb,south,1
yhtr,south,1
yhux,northeast,1
yhvw,south,1
yhws,northeast,1
yhwy,midwest,1
yhxa,west,1
yhyg,west,1
yifd,west,1
yigk,west,1
yijb,northeast,1
yind,midwest,1
yioa,south,1
yios,northeast,1
yisg,northeast,1
yisz,midwest,1
yiui,west,1
yiwl,west,1
yixs,midwest,1
yjau,midwest,1
yjhx,northeast,1
yjqm,south,1
yjsz,south,1
yjul,south,1
yjxb,west,1
yjzt,northeast,1
yjzv,south,1
ykdh,south,1
ykdq,south,1
ykjf,west,1
yksq,midwest,1
ykxx,midwest,1
ykzr,northeast,1
ylap,south,1
ylbc,west,1
ylib,northeast,1
ylqo,northeast,1
yltq,west,1
ymak,midwest,1
ymdw,south,1
ymeh,midwest,1
ymgo,northeast,1
ymhu,midwest,1
ymwc,northeast,1
ymxq,northeast,1
ynbu,south,1
ynfs,west,1
yngm,west,1
yngq,west,1
ynjo,midwest,1
ynoo,midwest,1
ynpd,midwest,1
yntr,west,1
yodm,south,1
yodt,west,1
yodv,northeast,1
yofv,south,1
yofx,west,1
yomv,west,1
yomz,midwest,1
yopa,west,1
yoqi,midwest,1
yoqv,west,1
yozv,midwest,1
ypao,midwest,1
ypbf,northeast,1
yphk,south,1
ypku,midwest,1
yplp,south,1
ypnb,south,1
yptd,northeast,1
yptl,northeast,1
ypvi,west,1
ypwy,south,1
yqby,west,1
yqet,northeast,1
yqjs,northeast,1
yqni,west,1
yqod,northeast,1
yqsm,west,1
yqux,south,1
yqwq,south,1
yrag,northeast,1
yrbn,west,1
yrdc,south,1
yrjj,west,1
yrpq,northeast,1
yrql,west,1
yruo,south,1
yryn,west,1
yrzh,northeast,1
ysfl,midwest,1
ysfv,west,1
ysny,west,1
ysos,west,1
ysxd,west,1
yszy,west,1
ytcd,west,1
ytcm,midwest,1
ytgh,west,1
ythj,west,1
ytkc,northeast,1
ytlj,south,1
ytof,west,1
ytuh,west,1
yuau,south,1
yubh,midwest,1
yudo,west,1
yugd,midwest,1
yujc,west,1
yuji,midwest,1
yukh,northeast,1
yukx,midwest,1
yuma,west,1
yuml,west,1
yumq,south,1
yuqw,northeast,1
yurb,midwest,1
yusl,west,1
yusv,midwest,1
yuug,midwest,1
yvbf,northeast,1
yvbn,northeast,1
yvew,midwest,1
yvhx,northeast,1
yvkj,northeast,1
yvnl,west,1
yvol,midwest,1
yvqi,west,1
yvqq,west,1
yvsl,west,1
ywcm,northeast,1
ywee,midwest,1
ywhb,midwest,1
ywib,northeast,1
ywid,south,1
ywqt,west,1
ywrw,midwest,1
ywui,west,1
ywvv,northeast,1
ywwy,northeast,1
ywxz,west,1
yxat,midwest,1
yxbg,west,1
yxcc,northeast,1
yxew,west,1
yxkr,midwest,1
yxly,northeast,1
yxmz,midwest,1
yxnx,midwest,1
yxoj,west,1
yxqw,south,1
yxrx,midwest,1
yxtb,west,1
yxxq,west,1
yxxs,midwest,1
yxyd,northeast,1
yyip,south,1
yynn,south,1
yyuh,south,1
yyww,midwest,1
yzdn,west,1
yzjh,south,1
yzji,west,1
yzli,west,1
yzmo,northeast,1
yzmx,west,1
yzof,south,1
yzos,midwest,1
yzqa,northeast,1
yzrg,midwest,1
yzsc,west,1
yzss,west,1
yzuc,west,1
yzzb,south,1
zach,west,1
zadn,west,1
zads,northeast,1
zagw,midwest,1
zakc,south,1
zakx,west,1
zanf,northeast,1
zavn,south,1
zaxr,west,1
zbjv,midwest,1
zblu,south,1
zbnf,northeast,1
zbno,south,1
zboj,midwest,1
zbsv,west,1
zbyf,midwest,1
zbzu,midwest,1
zcad,northeast,1
zccw,west,1
zcda,west,1
zcdx,midwest,1
zcgp,northeast,1
zcld,midwest,1
zcoh,northeast,1
zcoo,northeast,1
zcrt,south,1
zcsa,midwest,1
zctl,midwest,1
zcxl,south,1
zcyj,south,1
zczf,midwest,1
zczl,west,1
zdar,south,1
zdek,west,1
zdfj,south,1
zdku,south,1
zdmk,northeast,1
zdwe,west,1
zdzv,west,1
zeab,south,1
zehv,west,1
zelt,west,1
zemn,south,1
zepb,midwest,1
zepq,northeast,1
zevz,south,1
zewh,midwest,1
zexd,west,1
zeyf,midwest,1
zfdx,south,1
zfel,south,1
zfet,west,1
zfqw,midwest,1
zfry,west,1
zfsj,west,1
zfsy,south,1
zfwc,west,1
zgcc,west,1
zgcd,midwest,1
zgco,west,1
zgeo,south,1
zgfh,south,1
zgip,midwest,1
zgiz,west,1
zgjw,midwest,1
zgok,northeast,1
zgrv,midwest,1
zguh,west,1
zgyu,midwest,1
zhcn,west,1
zhdz,south,1
zhjw,south,1
zhpg,northeast,1
zhql,south,1
zhtf,midwest,1
zhuu,south,1
zhvn,northeast,1
zhxl,midwest,1
ziep,west,1
zifr,west,1
ziic,northeast,1
ziij,northeast,1
zijv,west,1
ziko,south,1
zioq,midwest,1
zior,west,1
ziou,midwest,1
zips,west,1
ziqa,west,1
zitj,midwest,1
ziwn,west,1
zizr,northeast,1
zizs,west,1
zjbn,west,1
zjdo,west,1
zjeb,midwest,1
zjfd,south,1
zjit,west,1
zjjc,west,1
zjkm,northeast,1
zjkx,west,1
zjmp,south,1
zjnv,west,1
zjoj,midwest,1
zjqu,northeast,1
zjrf,south,1
zjxi,northeast,1
zjyw,west,1
zjzf,south,1
zkaa,northeast,1
zkcc,northeast,1
zkgv,northeast,1
zkim,northeast,1
zkir,midwest,1
zkke,midwest,1
zknj,midwest,1
zknx,west,1
zkrw,west,1
zkti,midwest,1
zkwi,west,1
zkxd,northeast,1
zkxu,west,1
zlbd,midwest,1
zllf,west,1
zlng,south,1
zlof,west,1
zlrn,northeast,1
zlsp,west,1
zlug,midwest,1
zlzv,northeast,1
zmas,west,1
zmdg,west,1
zmdh,south,1
zmjn,northeast,1
zmsl,northeast,1
zmst,midwest,1
zmzb,west,1
znal,west,1
znbj,northeast,1
zngw,west,1
znjg,south,1
znmf,south,1
znou,northeast,1
znsi,west,1
zogb,west,1
zolp,west,1
zomm,midwest,1
zonb,west,1
zooa,midwest,1
zope,west,1
zopi,south,1
zopp,midwest,1
zosv,northeast,1
zowo,midwest,1
zoxl,northeast,1
zpfh,west,1
zpfm,west,1
zpir,south,1
zpna,west,1
zpuj,midwest,1
zpvg,midwest,1
zpvp,south,1
zpxj,midwest,1
zpxo,west,1
zpxp,west,1
zpzm,south,1
zqcq,south,1
zqdq,west,1
zqjj,midwest,1
zqml,northeast,1
zqnd,northeast,1
zqpb,midwest,1
zqrc,south,1
zqre,midwest,1
zqug,midwest,1
zqxb,south,1
zqyd,west,1
zqyo,midwest,1
zrby,west,1
zreh,west,1
zrep,west,1
zrez,west,1
zrfe,west,1
zrgf,northeast,1
zrid,midwest,1
zrko,west,1
zrlx,west,1
zrmt,northeast,1
zrtq,midwest,1
zrwr,south,1
zrxh,south,1
zryu,northeast,1
zsbr,west,1
zscf,west,1
zsfp,midwest,1
zsfq,midwest,1
zsia,midwest,1
zslr,west,1
zsls,midwest,1
zsnb,midwest,1
zsuq,midwest,1
zsvl,west,1
zswk,south,1
zsxj,south,1
ztbl,south,1
ztdu,west,1
ztfw,midwest,1
ztlc,west,1
ztnh,midwest,1
ztsy,midwest,1
zttc,midwest,1
zuak,south,1
zuef,west,1
zugl,west,1
zuhr,west,1
zumi,northeast,1
zups,midwest,1
zuwy,midwest,1
zuxy,west,1
zuzo,midwest,1
zvaq,midwest,1
zvat,midwest,1
zvbb,south,1
zvdc,west,1
zvdf,northeast,1
zven,south,1
zvhy,south,1
zvjt,west,1
zvkh,west,1
zvlv,midwest,1
zvlw,midwest,1
zvqv,west,1
zvtq,west,1
zvzj,midwest,1
zweu,south,1
zwev,northeast,1
zwfc,midwest,1
zwhr,south,1
zwjk,south,1
zwlf,south,1
zwlj,northeast,1
zwln,south,1
zwls,midwest,1
zwpc,west,1
zwpy,west,1
zwtu,west,1
zwxy,northeast,1
zxdf,northeast,1
zxex,west,1
zxie,west,1
zxma,midwest,1
zxwt,west,1
zyfp,midwest,1
zygx,south,1
zymm,west,1
zypc,west,1
zywb,northeast,1
zyxv,midwest,1
zzam,west,1
zzbf,south,1
zzen,south,1
zzex,midwest,1
zzpn,northeast,1
zzrv,west,1
zzsx,south,1
zzvv,west,1
zzzi,midwest,1
